Pos,Race No,First Name,Time,Category,Cat Pos,Gender,Gen Pos,Start,CP1,CP2,CP3,Finish,Detail URL
1,05-0654,MARSELINO VARELIAN FALLO,00:16:06,UMUM,1,Male,1,00:00:00,00:04:27,00:11:44,00:16:06,,https://result.pickmyrace.id/myresults.aspx?uid=20572-66-2-122953
2,05-0225,DOBI YORLANDI,00:16:39,UMUM,2,Male,2,00:00:01,00:04:35,00:12:06,00:16:38,,https://result.pickmyrace.id/myresults.aspx?uid=20572-66-2-122170
3,05-0151,JAHADI,00:17:14,UMUM,3,Male,3,00:00:00,00:04:44,00:12:29,00:17:14,,https://result.pickmyrace.id/myresults.aspx?uid=20572-66-2-122096
4,05-0496,MARIDUK SARAGI,00:18:24,UMUM,4,Male,4,00:00:01,00:04:52,00:13:25,00:18:23,,https://result.pickmyrace.id/myresults.aspx?uid=20572-66-2-122441
5,05-0211,ROMEO CAESAR,00:18:28,UMUM,5,Male,5,00:00:02,00:04:55,00:13:20,00:18:25,,https://result.pickmyrace.id/myresults.aspx?uid=20572-66-2-122156
6,05-0156,ABDUL AZIS,00:18:34,UMUM,6,Male,6,00:00:01,00:05:10,00:13:34,00:18:33,,https://result.pickmyrace.id/myresults.aspx?uid=20572-66-2-122101
7,05-0153,ERREL EMERALDO,00:19:05,UMUM,7,Male,7,00:00:02,00:05:12,00:13:50,00:19:03,,https://result.pickmyrace.id/myresults.aspx?uid=20572-66-2-122098
8,05-0519,MATTEO ALESSANDRO MANURUNG,00:19:11,UMUM,8,Male,8,00:00:01,00:05:13,00:13:47,00:19:09,,https://result.pickmyrace.id/myresults.aspx?uid=20572-66-2-122464
9,M05-015,YOPI,00:19:22,MASTER UMUM,1,Male,9,00:00:00,00:05:13,00:13:57,00:19:22,,https://result.pickmyrace.id/myresults.aspx?uid=20572-66-2-121892
10,M05-002,SYAMSU ALAM,00:19:56,MASTER UMUM,2,Male,10,00:00:01,00:05:18,00:14:26,00:19:54,,https://result.pickmyrace.id/myresults.aspx?uid=20572-66-2-121879
11,M05-042,ROBBY SUTANTIO,00:20:29,MASTER UMUM,3,Male,11,00:00:01,00:05:33,00:15:02,00:20:27,,https://result.pickmyrace.id/myresults.aspx?uid=20572-66-2-121919
12,05-0281,RIZKY RADITYA ALFAJRI,00:20:33,UMUM,9,Male,12,00:00:02,00:05:12,00:14:44,00:20:31,,https://result.pickmyrace.id/myresults.aspx?uid=20572-66-2-122226
13,M05-025,SUGIYANTO,00:20:36,MASTER UMUM,4,Male,13,00:00:02,00:05:42,00:15:05,00:20:33,,https://result.pickmyrace.id/myresults.aspx?uid=20572-66-2-121902
14,M05-044,YAYAN MULYANA,00:20:51,MASTER UMUM,5,Male,14,00:00:01,00:05:32,00:15:11,00:20:49,,https://result.pickmyrace.id/myresults.aspx?uid=20572-66-2-121921
15,05-0518,RAKYAN,00:21:30,UMUM,10,Male,15,00:00:02,00:05:27,00:15:21,00:21:28,,https://result.pickmyrace.id/myresults.aspx?uid=20572-66-2-122463
16,M05-058,SUHARDI,00:21:44,MASTER UMUM,6,Male,16,00:00:02,00:05:54,00:15:52,00:21:42,,https://result.pickmyrace.id/myresults.aspx?uid=20572-66-2-121935
17,05-0342,ACHMAD HAFIDZ,00:22:07,UMUM,11,Male,17,00:00:02,00:05:54,00:15:58,00:22:04,,https://result.pickmyrace.id/myresults.aspx?uid=20572-66-2-122287
18,N05-0445,RIZAL FAKHRANI,00:22:26,NOTARIS,1,Male,18,00:00:00,00:05:47,00:16:09,00:22:26,,https://result.pickmyrace.id/myresults.aspx?uid=20572-66-2-121460
19,M05-019,LUMEN SITUMORANG,00:22:33,MASTER UMUM,7,Male,19,00:00:02,00:05:47,00:16:08,00:22:30,,https://result.pickmyrace.id/myresults.aspx?uid=20572-66-2-121896
20,M05-022,WIWIK PUJIATI,00:23:16,MASTER UMUM,1,Female,1,00:00:01,00:06:29,00:17:02,00:23:14,,https://result.pickmyrace.id/myresults.aspx?uid=20572-66-2-121899
21,N05-0704,MUHAMMAD ADAM HAFIZA,00:23:25,NOTARIS,2,Male,20,00:00:02,00:05:59,00:17:05,00:23:23,,https://result.pickmyrace.id/myresults.aspx?uid=20572-66-2-121719
22,05-0217,AELDO,00:23:28,UMUM,12,Male,21,00:00:02,00:06:25,00:17:13,00:23:25,,https://result.pickmyrace.id/myresults.aspx?uid=20572-66-2-122162
23,M05-020,TETTY PAY DEN FRANSISCA H,00:23:31,MASTER UMUM,2,Female,2,00:00:01,00:06:27,00:17:02,00:23:29,,https://result.pickmyrace.id/myresults.aspx?uid=20572-66-2-121897
24,M05-010,KRISTIN JAYA,00:23:36,MASTER UMUM,3,Female,3,00:00:02,00:06:25,00:17:10,00:23:34,,https://result.pickmyrace.id/myresults.aspx?uid=20572-66-2-121887
25,05-0658,MUHAMMAD SYAMIL,00:24:13,UMUM,13,Male,22,00:00:02,00:06:05,00:17:28,00:24:10,,https://result.pickmyrace.id/myresults.aspx?uid=20572-66-2-122946
26,05-0593,LUKMAN HAKIM AKE,00:24:21,UMUM,14,Male,23,00:00:03,00:06:55,00:17:48,00:24:17,,https://result.pickmyrace.id/myresults.aspx?uid=20572-66-2-122538
27,NM05-013,PAULUS OLIVER YOESOEF,00:24:40,MASTER NOTARIS,1,Male,24,00:00:00,00:06:17,00:17:33,00:24:40,,https://result.pickmyrace.id/myresults.aspx?uid=20572-66-2-121800
28,05-0497,PATRICIA ANGEL,00:24:48,UMUM,1,Female,4,00:00:05,00:07:13,00:18:03,00:24:43,,https://result.pickmyrace.id/myresults.aspx?uid=20572-66-2-122442
29,05-0029,AKBAR DARWIS,00:25:03,UMUM,15,Male,25,00:00:04,00:06:18,00:18:03,00:24:59,,https://result.pickmyrace.id/myresults.aspx?uid=20572-66-2-121974
30,M05-063,KATYA RETNO HAPSARI,00:25:18,MASTER UMUM,4,Female,5,00:00:02,00:06:45,00:18:23,00:25:16,,https://result.pickmyrace.id/myresults.aspx?uid=20572-66-2-121940
31,M05-009,AGUS NURJEN,00:25:37,MASTER UMUM,8,Male,26,00:00:03,00:06:56,00:18:34,00:25:34,,https://result.pickmyrace.id/myresults.aspx?uid=20572-66-2-121886
32,N05-0685,NAUFAL VIANSA FADHLURRAHMAN,00:25:42,NOTARIS,3,Male,27,00:00:06,00:06:51,00:18:34,00:25:36,,https://result.pickmyrace.id/myresults.aspx?uid=20572-66-2-121700
33,05-0498,TANTOWI ESTU,00:25:56,UMUM,16,Male,28,00:00:14,00:07:12,00:18:41,00:25:42,,https://result.pickmyrace.id/myresults.aspx?uid=20572-66-2-122443
34,05-0459,RYAAS MISHBACHUL,00:26:01,UMUM,17,Male,29,00:00:12,00:07:33,00:19:00,00:25:48,,https://result.pickmyrace.id/myresults.aspx?uid=20572-66-2-122404
35,M05-028,SLAMET WIDADA,00:26:47,MASTER UMUM,9,Male,30,00:00:01,00:07:17,00:19:28,00:26:46,,https://result.pickmyrace.id/myresults.aspx?uid=20572-66-2-121905
36,05-0173,CUT SRIKANDI,00:26:47,UMUM,2,Female,6,00:00:02,00:07:16,00:19:27,00:26:45,,https://result.pickmyrace.id/myresults.aspx?uid=20572-66-2-122118
37,05-0318,M SULTHAN ALTHAF,00:26:55,UMUM,18,Male,31,00:00:04,00:06:31,00:19:26,00:26:51,,https://result.pickmyrace.id/myresults.aspx?uid=20572-66-2-122263
38,N05-0509,MARLA DWI ANNISA,00:27:33,NOTARIS,1,Female,7,00:00:02,00:07:22,00:19:52,00:27:31,,https://result.pickmyrace.id/myresults.aspx?uid=20572-66-2-121524
39,05-0524,RAISA NABILA USMANA,00:27:53,UMUM,3,Female,8,00:00:01,00:07:01,00:20:05,00:27:51,,https://result.pickmyrace.id/myresults.aspx?uid=20572-66-2-122469
40,05-0494,HAIKAL ALFAYET,00:28:21,UMUM,19,Male,32,00:00:13,00:07:16,00:20:19,00:28:07,,https://result.pickmyrace.id/myresults.aspx?uid=20572-66-2-122439
41,05-0326,WISNU YUDANTO,00:28:22,UMUM,20,Male,33,00:00:00,00:07:29,00:20:40,00:28:22,,https://result.pickmyrace.id/myresults.aspx?uid=20572-66-2-122271
42,05-0521,GILANG KHALIFA AKBAR,00:28:32,UMUM,21,Male,34,00:00:35,00:07:54,00:20:37,00:27:57,,https://result.pickmyrace.id/myresults.aspx?uid=20572-66-2-122466
43,05-0438,RIZKY ARGA TRISTIAN,00:28:36,UMUM,22,Male,35,00:00:06,00:07:36,00:20:38,00:28:29,,https://result.pickmyrace.id/myresults.aspx?uid=20572-66-2-122383
44,M05-024,NATHALIA JAP,00:28:40,MASTER UMUM,5,Female,9,00:00:02,00:07:48,00:20:56,00:28:37,,https://result.pickmyrace.id/myresults.aspx?uid=20572-66-2-121901
45,05-0577,MARIA AJENG P,00:28:49,UMUM,4,Female,10,00:00:02,00:07:48,00:21:07,00:28:47,,https://result.pickmyrace.id/myresults.aspx?uid=20572-66-2-122522
46,M05-034,VALENTINIA,00:28:49,MASTER UMUM,6,Female,11,00:00:04,00:08:10,00:21:21,00:28:45,,https://result.pickmyrace.id/myresults.aspx?uid=20572-66-2-121911
47,N05-0042,DENDY FRANCYSCO SINURAT,00:28:50,NOTARIS,4,Male,36,00:00:03,00:06:47,00:21:34,00:28:46,,https://result.pickmyrace.id/myresults.aspx?uid=20572-66-2-121057
48,M05-005,BAYU ADHINUGRHO ARIANTO,00:28:54,MASTER UMUM,10,Male,37,00:00:10,00:08:05,00:21:04,00:28:44,,https://result.pickmyrace.id/myresults.aspx?uid=20572-66-2-121882
49,M05-023,HELMA HELMA,00:29:05,MASTER UMUM,7,Female,12,00:00:01,00:08:01,00:21:27,00:29:04,,https://result.pickmyrace.id/myresults.aspx?uid=20572-66-2-121900
50,05-0657,REYNER KHADAFI,00:29:07,UMUM,23,Male,38,00:00:13,00:08:37,00:21:43,00:28:53,,https://result.pickmyrace.id/myresults.aspx?uid=20572-66-2-122951
51,05-0226,MIKHAEL KURNIATEDJA,00:29:10,UMUM,24,Male,39,00:00:57,00:08:24,00:21:00,00:28:13,,https://result.pickmyrace.id/myresults.aspx?uid=20572-66-2-122171
52,05-0315,MUHAMMAD HARMAN PRADANA,00:29:17,UMUM,25,Male,40,00:00:06,00:07:17,00:20:48,00:29:11,,https://result.pickmyrace.id/myresults.aspx?uid=20572-66-2-122260
53,05-0562,MUHAMMAD ALFAN ALFANO,00:29:29,UMUM,26,Male,41,00:00:13,00:07:57,00:21:41,00:29:16,,https://result.pickmyrace.id/myresults.aspx?uid=20572-66-2-122507
54,05-0441,ANISA SALSABILA,00:29:42,UMUM,5,Female,13,00:00:07,00:08:14,00:21:52,00:29:34,,https://result.pickmyrace.id/myresults.aspx?uid=20572-66-2-122386
55,N05-0705,ADINDA FEBRINI,00:29:49,NOTARIS,2,Female,14,00:00:02,00:07:27,00:21:26,00:29:46,,https://result.pickmyrace.id/myresults.aspx?uid=20572-66-2-121720
56,05-0246,JELLY CENDRA,00:29:53,UMUM,6,Female,15,00:00:05,00:08:11,00:21:48,00:29:47,,https://result.pickmyrace.id/myresults.aspx?uid=20572-66-2-122191
57,N05-0188,ANDREAS DJINGGA,00:30:14,NOTARIS,5,Male,42,00:00:34,00:08:24,00:21:32,00:29:40,,https://result.pickmyrace.id/myresults.aspx?uid=20572-66-2-121203
58,05-0405,DANIEL PASSARELA,00:30:21,UMUM,27,Male,43,00:00:21,00:08:11,00:21:54,00:30:00,,https://result.pickmyrace.id/myresults.aspx?uid=20572-66-2-122350
59,N05-0306,WERDI LESTARI,00:30:24,NOTARIS,3,Female,16,00:00:08,00:08:55,00:22:30,00:30:16,,https://result.pickmyrace.id/myresults.aspx?uid=20572-66-2-121321
60,05-0157,MOCHAMMAD RIFKY FADHILLA,00:30:31,UMUM,28,Male,44,00:02:56,00:07:36,00:20:09,00:27:34,,https://result.pickmyrace.id/myresults.aspx?uid=20572-66-2-122102
61,05-0316,MUHAMMAD ALBIZARD ALIEF,00:30:59,UMUM,29,Male,45,00:00:08,00:08:56,00:22:52,00:30:51,,https://result.pickmyrace.id/myresults.aspx?uid=20572-66-2-122261
62,05-0655,DICKY DARMAWAN,00:31:01,UMUM,30,Male,46,00:00:13,00:08:59,00:22:50,00:30:48,,https://result.pickmyrace.id/myresults.aspx?uid=20572-66-2-122949
63,N05-0474,ADARA SKYLA SAKINAH,00:31:18,NOTARIS,4,Female,17,00:00:57,00:08:40,00:22:17,00:30:21,,https://result.pickmyrace.id/myresults.aspx?uid=20572-66-2-121489
64,N05-0780,RANDI SETIA BAHARI,00:31:22,NOTARIS,6,Male,47,00:00:00,00:08:58,00:23:02,00:31:22,,https://result.pickmyrace.id/myresults.aspx?uid=20572-66-2-122915
65,N05-0524,"MUHAMMAD IQBAL FAUZAN, S.H., M.KN",00:31:23,NOTARIS,7,Male,48,00:00:00,00:08:59,00:23:01,00:31:23,,https://result.pickmyrace.id/myresults.aspx?uid=20572-66-2-121539
66,05-0349,AARON PANTOW,00:31:42,UMUM,31,Male,49,00:00:17,00:09:09,00:23:25,00:31:25,,https://result.pickmyrace.id/myresults.aspx?uid=20572-66-2-122294
67,05-0229,ZHAFIR HAIKAL TSAQIB,00:31:49,UMUM,32,Male,50,00:00:16,00:08:12,00:23:11,00:31:32,,https://result.pickmyrace.id/myresults.aspx?uid=20572-66-2-122174
68,05-0540,MUHAMMAD NOVVRIZAL,00:31:52,UMUM,33,Male,51,00:00:24,00:08:45,00:23:50,00:31:28,,https://result.pickmyrace.id/myresults.aspx?uid=20572-66-2-122485
69,N05-0285,DAVITA IRENE,00:31:56,NOTARIS,5,Female,18,00:00:17,00:09:10,00:23:27,00:31:39,,https://result.pickmyrace.id/myresults.aspx?uid=20572-66-2-121300
70,05-0636,RADITYA ARYA KUMARA,00:31:57,UMUM,34,Male,52,00:01:20,00:09:18,00:23:18,00:30:37,,https://result.pickmyrace.id/myresults.aspx?uid=20572-66-2-122937
71,M05-007,FREDY TASIJAWA,00:32:04,MASTER UMUM,11,Male,53,00:00:02,00:08:26,00:23:37,00:32:01,,https://result.pickmyrace.id/myresults.aspx?uid=20572-66-2-121884
72,05-0564,HERI DEPRIANTO,00:32:10,UMUM,35,Male,54,00:00:15,00:09:06,00:23:20,00:31:55,,https://result.pickmyrace.id/myresults.aspx?uid=20572-66-2-122509
73,N05-0267,"MASHHABY KAFAA ADHIMAS S S.H., M.KN.",00:32:13,NOTARIS,8,Male,55,00:02:17,00:13:13,,00:29:56,,https://result.pickmyrace.id/myresults.aspx?uid=20572-66-2-121282
74,N05-0298,DEKI LUKMAN WICAKSONO,00:32:25,NOTARIS,9,Male,56,00:00:08,00:08:57,00:23:19,00:32:16,,https://result.pickmyrace.id/myresults.aspx?uid=20572-66-2-121313
75,05-0578,RIZKI SIREGAR,00:32:44,UMUM,36,Male,57,00:00:10,00:09:19,00:23:58,00:32:33,,https://result.pickmyrace.id/myresults.aspx?uid=20572-66-2-122523
76,N05-0622,"ZSA ZSA ADIPUTRI, S.H, M.KN.",00:32:46,NOTARIS,6,Female,19,00:00:07,00:07:48,00:23:23,00:32:38,,https://result.pickmyrace.id/myresults.aspx?uid=20572-66-2-121637
77,N05-0615,ANCELLA GODELIVA ALBERTINE KALAIJ,00:33:17,NOTARIS,7,Female,20,00:00:58,00:10:34,00:24:02,00:32:19,,https://result.pickmyrace.id/myresults.aspx?uid=20572-66-2-121630
78,05-0537,RIDHO MAULIDI NURUL BASYIR,00:33:23,UMUM,37,Male,58,00:00:15,00:08:43,00:23:47,00:33:07,,https://result.pickmyrace.id/myresults.aspx?uid=20572-66-2-122482
79,05-0542,M. FIRMA ARI PRATAMA,00:33:40,UMUM,38,Male,59,00:00:02,00:08:51,00:24:13,00:33:37,,https://result.pickmyrace.id/myresults.aspx?uid=20572-66-2-122487
80,05-0431,FAHRIZ FATHULILAH,00:33:43,UMUM,39,Male,60,00:00:55,00:08:09,00:23:43,00:32:48,,https://result.pickmyrace.id/myresults.aspx?uid=20572-66-2-122376
81,05-0216,CALVIN ERICH,00:33:46,UMUM,40,Male,61,00:00:06,00:07:59,00:23:53,00:33:39,,https://result.pickmyrace.id/myresults.aspx?uid=20572-66-2-122161
82,05-0534,TRESTA VIANA DHIYA ULHAQ TAOFIK,00:33:48,UMUM,41,Male,62,00:00:48,00:09:44,00:24:36,00:32:59,,https://result.pickmyrace.id/myresults.aspx?uid=20572-66-2-122479
83,N05-0265,JALSION SANDJAYA,00:33:48,NOTARIS,10,Male,63,00:00:19,00:09:36,00:25:04,00:33:29,,https://result.pickmyrace.id/myresults.aspx?uid=20572-66-2-121280
84,05-0642,ZEHAN KAMAL IBRAHIM,00:33:59,UMUM,42,Male,64,00:00:31,00:08:22,00:24:08,00:33:28,,https://result.pickmyrace.id/myresults.aspx?uid=20572-66-2-122947
85,05-0601,MUHAMAD IRFAN FADDILAH,00:34:07,UMUM,43,Male,65,00:00:46,00:10:35,00:24:59,00:33:21,,https://result.pickmyrace.id/myresults.aspx?uid=20572-66-2-122546
86,M05-029,ADE ZURIANI ZULIASRI,00:34:12,MASTER UMUM,8,Female,21,00:00:02,00:08:58,00:24:32,00:34:09,,https://result.pickmyrace.id/myresults.aspx?uid=20572-66-2-121906
87,N05-0735,"NICHOLAS SURYA PENN, S.H., M.KN.",00:34:19,NOTARIS,11,Male,66,00:00:07,00:08:25,00:24:24,00:34:12,,https://result.pickmyrace.id/myresults.aspx?uid=20572-66-2-121750
88,05-0656,DEA HARY TRIARTA,00:34:23,UMUM,7,Female,22,00:00:04,00:08:10,00:24:26,00:34:19,,https://result.pickmyrace.id/myresults.aspx?uid=20572-66-2-122950
89,05-0425,COLLIN FARREL TAN,00:34:25,UMUM,44,Male,67,00:00:42,,00:26:28,00:33:42,,https://result.pickmyrace.id/myresults.aspx?uid=20572-66-2-122370
90,N05-0411,ANASTASIA LUCIA MARGARET,00:34:40,NOTARIS,8,Female,23,00:00:35,00:09:31,00:25:11,00:34:04,,https://result.pickmyrace.id/myresults.aspx?uid=20572-66-2-121426
91,N05-0686,DEWI INDRAYANI,00:35:03,NOTARIS,9,Female,24,00:00:08,00:09:44,00:25:38,00:34:54,,https://result.pickmyrace.id/myresults.aspx?uid=20572-66-2-121701
92,M05-060,IRWAN HANDOKO,00:35:12,MASTER UMUM,12,Male,68,00:00:25,00:10:27,00:26:21,00:34:47,,https://result.pickmyrace.id/myresults.aspx?uid=20572-66-2-121937
93,M05-059,I MADE AGUS PURWANTO,00:35:13,MASTER UMUM,13,Male,69,00:00:19,00:10:57,00:26:05,00:34:53,,https://result.pickmyrace.id/myresults.aspx?uid=20572-66-2-121936
94,N05-0759,"RIZKY ROBBI SAPUTRA, S.H, M.KN",00:35:16,NOTARIS,12,Male,70,00:00:24,00:09:45,00:25:34,00:34:51,,https://result.pickmyrace.id/myresults.aspx?uid=20572-66-2-121774
95,05-0067,FELIX FURGUSON,00:35:17,UMUM,45,Male,71,00:00:44,00:09:23,00:25:16,00:34:32,,https://result.pickmyrace.id/myresults.aspx?uid=20572-66-2-122012
96,N05-0103,"REYNALDO SAPUTRA, S.H., M.KN.",00:35:25,NOTARIS,13,Male,72,00:00:01,00:08:02,00:25:21,00:35:24,,https://result.pickmyrace.id/myresults.aspx?uid=20572-66-2-121118
97,NM05-052,"IKA NUR LINDIA DEVI, SH, M.KN",00:35:29,MASTER NOTARIS,1,Female,25,00:00:04,00:10:12,00:26:00,00:35:24,,https://result.pickmyrace.id/myresults.aspx?uid=20572-66-2-121839
98,05-0559,MUHAMMAD ADHIGUNA SOSIAWAN,00:35:44,UMUM,46,Male,73,00:08:20,,,00:27:24,,https://result.pickmyrace.id/myresults.aspx?uid=20572-66-2-122504
99,N05-0499,HERMAWATI PARINDURI,00:35:47,NOTARIS,10,Female,26,00:08:06,,,00:27:41,,https://result.pickmyrace.id/myresults.aspx?uid=20572-66-2-121514
100,N05-0700,"MUKHAMAD HANIS DZAKY S.H., M.KN.",00:35:48,NOTARIS,14,Male,74,00:00:27,00:10:24,00:26:26,00:35:20,,https://result.pickmyrace.id/myresults.aspx?uid=20572-66-2-121715
101,05-0069,CAVELL DARREN THIO,00:35:54,UMUM,47,Male,75,00:00:36,00:10:06,00:26:27,00:35:18,,https://result.pickmyrace.id/myresults.aspx?uid=20572-66-2-122014
102,NM05-007,NUNENG MARLINA,00:35:57,MASTER NOTARIS,2,Female,27,00:00:02,00:09:29,00:26:01,00:35:54,,https://result.pickmyrace.id/myresults.aspx?uid=20572-66-2-121794
103,05-0649,DIEGO,00:35:57,UMUM,48,Male,76,00:00:06,00:10:17,00:26:40,00:35:50,,https://result.pickmyrace.id/myresults.aspx?uid=20572-66-2-122955
104,N05-0373,TRI HASIANATAMA,00:35:58,NOTARIS,11,Female,28,00:00:00,00:19:54,,00:35:58,,https://result.pickmyrace.id/myresults.aspx?uid=20572-66-2-121388
105,N05-0405,AMARA AYU MAHARANI,00:36:01,NOTARIS,12,Female,29,00:00:31,00:10:11,00:26:36,00:35:30,,https://result.pickmyrace.id/myresults.aspx?uid=20572-66-2-121420
106,05-0180,RAYHAN LAYADI FACHRIANSYAH,00:36:02,UMUM,49,Male,77,00:00:27,00:10:20,00:26:41,00:35:34,,https://result.pickmyrace.id/myresults.aspx?uid=20572-66-2-122125
107,N05-0093,BAMBANG ARYO HERMAWAN,00:36:03,NOTARIS,15,Male,78,00:01:05,00:10:45,00:26:43,00:34:57,,https://result.pickmyrace.id/myresults.aspx?uid=20572-66-2-121108
108,05-0030,FERNANDO GUNAWAN,00:36:04,UMUM,50,Male,79,00:00:30,00:10:12,00:26:40,00:35:34,,https://result.pickmyrace.id/myresults.aspx?uid=20572-66-2-121975
109,05-0600,RAFLY ARDHANA,00:36:08,UMUM,51,Male,80,00:00:48,00:08:48,00:24:58,00:35:20,,https://result.pickmyrace.id/myresults.aspx?uid=20572-66-2-122545
110,05-0150,NIKI ROHAN,00:36:15,UMUM,52,Male,81,00:00:22,00:10:11,00:26:37,00:35:53,,https://result.pickmyrace.id/myresults.aspx?uid=20572-66-2-122095
111,N05-0193,MOHAMAD RIZQI RAMADHAN,00:36:22,NOTARIS,16,Male,82,00:01:04,00:10:26,00:25:40,00:35:17,,https://result.pickmyrace.id/myresults.aspx?uid=20572-66-2-121208
112,N05-0788,ANDINI PUSPA SARI,00:36:25,NOTARIS,13,Female,30,00:00:00,00:10:38,00:27:09,00:36:25,,https://result.pickmyrace.id/myresults.aspx?uid=20572-66-2-122919
113,N05-0425,TRIA ARDANI,00:36:30,NOTARIS,14,Female,31,00:00:09,00:10:26,00:26:59,00:36:21,,https://result.pickmyrace.id/myresults.aspx?uid=20572-66-2-121440
114,05-0040,BANGUN TRAPSILO PURWOKO,00:36:36,UMUM,53,Male,83,00:01:25,00:10:04,00:25:54,00:35:11,,https://result.pickmyrace.id/myresults.aspx?uid=20572-66-2-121985
115,05-0279,DANANG ARYA PRADIPTA,00:36:41,UMUM,54,Male,84,00:01:32,00:10:24,00:26:05,00:35:09,,https://result.pickmyrace.id/myresults.aspx?uid=20572-66-2-122224
116,N05-0326,"NANA PERMATASARI, A.MD, S.H., M.KN.",00:36:43,NOTARIS,15,Female,32,00:00:00,00:18:17,,00:36:43,,https://result.pickmyrace.id/myresults.aspx?uid=20572-66-2-121341
117,05-0141,ANGIE,00:36:50,UMUM,8,Female,33,00:00:39,00:10:20,00:26:44,00:36:10,,https://result.pickmyrace.id/myresults.aspx?uid=20572-66-2-122086
118,05-0068,PHILIP ANGGRA,00:36:50,UMUM,55,Male,85,00:00:39,00:10:25,00:26:42,00:36:10,,https://result.pickmyrace.id/myresults.aspx?uid=20572-66-2-122013
119,05-0258,REZA KURNIAWAN,00:36:55,UMUM,56,Male,86,00:01:17,00:09:24,00:26:11,00:35:38,,https://result.pickmyrace.id/myresults.aspx?uid=20572-66-2-122203
120,05-0134,JOHAN,00:36:57,UMUM,57,Male,87,00:00:28,00:09:53,00:26:44,00:36:29,,https://result.pickmyrace.id/myresults.aspx?uid=20572-66-2-122079
121,N05-0159,YUNI GITA MASITO,00:37:01,NOTARIS,16,Female,34,00:01:56,00:17:00,,00:35:05,,https://result.pickmyrace.id/myresults.aspx?uid=20572-66-2-121174
122,05-0445,ALDO ROLAND MANIKOE,00:37:03,UMUM,58,Male,88,00:00:05,00:09:49,00:27:06,00:36:58,,https://result.pickmyrace.id/myresults.aspx?uid=20572-66-2-122390
123,05-0444,RANI KISWANTO,00:37:04,UMUM,9,Female,35,00:00:03,00:09:55,00:27:14,00:37:00,,https://result.pickmyrace.id/myresults.aspx?uid=20572-66-2-122389
124,05-0128,MADSOLEH,00:37:09,UMUM,59,Male,89,00:00:21,00:10:33,00:27:13,00:36:47,,https://result.pickmyrace.id/myresults.aspx?uid=20572-66-2-122073
125,05-0325,?UJANG MAULANA,00:37:10,UMUM,60,Male,90,00:00:16,00:11:29,00:27:15,00:36:54,,https://result.pickmyrace.id/myresults.aspx?uid=20572-66-2-122270
126,05-0525,VANDA PANGAUU,00:37:12,UMUM,10,Female,36,00:00:58,00:09:39,00:26:12,00:36:14,,https://result.pickmyrace.id/myresults.aspx?uid=20572-66-2-122470
127,05-0651,TRI SUSILAWATI,00:37:19,UMUM,11,Female,37,00:00:25,00:09:45,00:26:46,00:36:53,,https://result.pickmyrace.id/myresults.aspx?uid=20572-66-2-122952
128,N05-0696,TENGKU SYAHRI ASDI,00:37:22,NOTARIS,17,Male,91,00:01:30,00:17:34,,00:35:51,,https://result.pickmyrace.id/myresults.aspx?uid=20572-66-2-121711
129,05-0317,M DANIEL AQSYAL,00:37:31,UMUM,61,Male,92,00:00:34,00:10:29,00:27:14,00:36:56,,https://result.pickmyrace.id/myresults.aspx?uid=20572-66-2-122262
130,N05-0106,FRISKA,00:37:44,NOTARIS,17,Female,38,00:00:07,00:10:00,00:27:21,00:37:36,,https://result.pickmyrace.id/myresults.aspx?uid=20572-66-2-121121
131,05-0214,CLIFF ALVIANSYAH PATTI RAIES,00:37:48,UMUM,62,Male,93,00:00:23,00:09:11,00:27:41,00:37:25,,https://result.pickmyrace.id/myresults.aspx?uid=20572-66-2-122159
132,N05-0402,DIAH MARLA PITALOKA,00:37:56,NOTARIS,18,Female,39,00:00:30,00:10:45,00:27:42,00:37:25,,https://result.pickmyrace.id/myresults.aspx?uid=20572-66-2-121417
133,N05-0027,BUNGA NUR KHOFIFAH,00:38:02,NOTARIS,19,Female,40,00:00:19,,00:27:20,00:37:43,,https://result.pickmyrace.id/myresults.aspx?uid=20572-66-2-121042
134,NM05-082,BAGJA KADAR ALAM,00:38:05,MASTER NOTARIS,2,Male,94,00:01:00,00:10:15,00:26:53,00:37:05,,https://result.pickmyrace.id/myresults.aspx?uid=20572-66-2-121869
135,05-0154,RISKA SURYANI GALVANI,00:38:09,UMUM,12,Female,41,00:00:04,,00:27:49,00:38:05,,https://result.pickmyrace.id/myresults.aspx?uid=20572-66-2-122099
136,N05-0300,ANGEL WIJAYA,00:38:14,NOTARIS,20,Female,42,00:00:39,00:11:19,00:27:42,00:37:34,,https://result.pickmyrace.id/myresults.aspx?uid=20572-66-2-121315
137,N05-0695,ASTERIA TIAR NOVITA,00:38:19,NOTARIS,21,Female,43,00:00:10,00:10:48,00:28:01,00:38:08,,https://result.pickmyrace.id/myresults.aspx?uid=20572-66-2-121710
138,05-0603,ASTERIA TIAR,00:38:19,UMUM,63,Male,95,00:00:11,00:10:45,00:27:58,00:38:07,,https://result.pickmyrace.id/myresults.aspx?uid=20572-66-2-122548
139,N05-0715,FIEANNA,00:38:20,NOTARIS,22,Female,44,00:00:20,00:10:04,00:27:38,00:37:59,,https://result.pickmyrace.id/myresults.aspx?uid=20572-66-2-121730
140,05-0390,PUTIK RACHMANDINI,00:38:22,UMUM,13,Female,45,00:00:10,00:10:18,00:27:38,00:38:11,,https://result.pickmyrace.id/myresults.aspx?uid=20572-66-2-122335
141,NM05-008,"NISA AFRILLA FURI, S. H., M.KN.",00:38:23,MASTER NOTARIS,3,Female,46,00:01:17,00:10:41,00:27:12,00:37:06,,https://result.pickmyrace.id/myresults.aspx?uid=20572-66-2-121795
142,05-0005,YANDRIANSYAH,00:38:29,UMUM,64,Male,96,00:00:15,00:10:33,00:28:07,00:38:14,,https://result.pickmyrace.id/myresults.aspx?uid=20572-66-2-121950
143,05-0472,SHANIA DWI HIDAYATI,00:38:34,UMUM,14,Female,47,00:00:30,00:10:57,00:28:01,00:38:04,,https://result.pickmyrace.id/myresults.aspx?uid=20572-66-2-122417
144,05-0155,YUDA WARDHANA,00:38:36,UMUM,65,Male,97,00:00:04,,00:28:25,00:38:31,,https://result.pickmyrace.id/myresults.aspx?uid=20572-66-2-122100
145,N05-0665,IRVAN MANIKOE,00:38:39,NOTARIS,18,Male,98,00:00:05,00:10:08,00:28:00,00:38:33,,https://result.pickmyrace.id/myresults.aspx?uid=20572-66-2-121680
146,NM05-029,ANGGIE LESTARI,00:38:46,MASTER NOTARIS,4,Female,48,00:00:12,00:11:51,00:28:53,00:38:34,,https://result.pickmyrace.id/myresults.aspx?uid=20572-66-2-121816
147,N05-0687,ALYA ROHALI,00:38:47,NOTARIS,23,Female,49,00:00:14,00:11:46,00:28:52,00:38:33,,https://result.pickmyrace.id/myresults.aspx?uid=20572-66-2-121702
148,05-0513,YUNINDRA HARDINO,00:38:47,UMUM,66,Male,99,00:03:05,,00:26:40,00:35:41,,https://result.pickmyrace.id/myresults.aspx?uid=20572-66-2-122458
149,N05-0097,HAMDAN,00:38:48,NOTARIS,19,Male,100,00:00:48,,00:28:25,00:37:59,,https://result.pickmyrace.id/myresults.aspx?uid=20572-66-2-121112
150,N05-0297,AURELIA ILYASA DWINUR ARIQAH,00:38:48,NOTARIS,24,Female,50,00:00:56,00:11:32,00:28:04,00:37:52,,https://result.pickmyrace.id/myresults.aspx?uid=20572-66-2-121312
151,05-0026,NATT,00:38:49,UMUM,67,Male,101,00:00:22,00:10:24,00:27:34,00:38:27,,https://result.pickmyrace.id/myresults.aspx?uid=20572-66-2-121971
152,05-0512,ANDRI WIDYANTO,00:38:51,UMUM,68,Male,102,00:00:10,00:11:56,00:28:28,00:38:41,,https://result.pickmyrace.id/myresults.aspx?uid=20572-66-2-122457
153,N05-0321,DENOCK VINDIYA SARI,00:38:56,NOTARIS,25,Female,51,00:00:19,00:10:08,00:27:55,00:38:37,,https://result.pickmyrace.id/myresults.aspx?uid=20572-66-2-121336
154,NM05-056,ROSPITA RUFINA SITUNGKIR,00:38:58,MASTER NOTARIS,5,Female,52,00:00:01,00:14:45,,00:38:57,,https://result.pickmyrace.id/myresults.aspx?uid=20572-66-2-121843
155,M05-027,EKA FERIYANTI,00:38:59,MASTER UMUM,9,Female,53,00:00:07,00:10:36,00:28:18,00:38:51,,https://result.pickmyrace.id/myresults.aspx?uid=20572-66-2-121904
156,N05-0770,"MARGARETHA KALE, SH.,M.KN",00:38:59,NOTARIS,26,Female,54,00:05:14,,,00:33:44,,https://result.pickmyrace.id/myresults.aspx?uid=20572-66-2-121785
157,N05-0522,AHMAD FIKRIE ALCHAIBARY,00:39:00,NOTARIS,27,Female,55,00:00:12,00:10:23,00:27:41,00:38:48,,https://result.pickmyrace.id/myresults.aspx?uid=20572-66-2-121537
158,05-0659,SATTIAWAN,00:39:02,UMUM,69,Male,103,00:01:59,00:11:32,00:28:48,00:37:03,,https://result.pickmyrace.id/myresults.aspx?uid=20572-66-2-122956
159,N05-0365,"REFFY PRAYOGA,S.H.,M.KN.",00:39:03,NOTARIS,20,Male,104,00:01:16,00:09:38,00:27:39,00:37:46,,https://result.pickmyrace.id/myresults.aspx?uid=20572-66-2-121380
160,05-0660,RAGIEL PRAMANA,00:39:05,UMUM,70,Male,105,00:01:16,00:11:19,00:27:44,00:37:49,,https://result.pickmyrace.id/myresults.aspx?uid=20572-66-2-122959
161,N05-0533,"NURBAITHY THERESIA, S.H., M.KN",00:39:08,NOTARIS,28,Female,56,00:03:39,,,00:35:29,,https://result.pickmyrace.id/myresults.aspx?uid=20572-66-2-121548
162,05-0170,MUHAMMAD RAUF ARBIADI,00:39:14,UMUM,71,Male,106,00:00:34,00:11:09,00:28:29,00:38:40,,https://result.pickmyrace.id/myresults.aspx?uid=20572-66-2-122115
163,05-0343,HERU,00:39:16,UMUM,72,Male,107,00:03:23,00:10:26,00:26:51,00:35:52,,https://result.pickmyrace.id/myresults.aspx?uid=20572-66-2-122288
164,N05-0563,MUKHLISA MEDIANTO,00:39:16,NOTARIS,29,Female,57,00:00:09,00:10:32,00:28:00,00:39:06,,https://result.pickmyrace.id/myresults.aspx?uid=20572-66-2-121578
165,05-0392,GABRIELLA ANGELINA,00:39:18,UMUM,15,Female,58,00:00:59,00:10:59,00:27:42,00:38:19,,https://result.pickmyrace.id/myresults.aspx?uid=20572-66-2-122337
166,05-0515,TANIA ELISABETH,00:39:19,UMUM,16,Female,59,00:03:04,00:10:25,00:26:42,00:36:14,,https://result.pickmyrace.id/myresults.aspx?uid=20572-66-2-122460
167,05-0175,FEDORA FIKRI AJI ARIYANTO,00:39:21,UMUM,73,Male,108,00:00:00,00:20:13,,00:39:21,,https://result.pickmyrace.id/myresults.aspx?uid=20572-66-2-122120
168,N05-0395,AMELINDA DEVINA,00:39:24,NOTARIS,30,Female,60,00:00:00,00:20:06,,00:39:24,,https://result.pickmyrace.id/myresults.aspx?uid=20572-66-2-121410
169,N05-0358,"MUDANTON TRI PUTRA, S.H., M.KN., M.H",00:39:25,NOTARIS,21,Male,109,00:00:00,00:10:22,00:29:11,00:39:25,,https://result.pickmyrace.id/myresults.aspx?uid=20572-66-2-121373
170,05-0523,ARIF BUDIMAN,00:39:28,UMUM,74,Male,110,00:04:59,00:09:21,00:24:51,00:34:28,,https://result.pickmyrace.id/myresults.aspx?uid=20572-66-2-122468
171,N05-0535,NOVA SAGITARINA A KARIM,00:39:30,NOTARIS,31,Female,61,00:00:14,00:10:50,00:28:36,00:39:15,,https://result.pickmyrace.id/myresults.aspx?uid=20572-66-2-121550
172,N05-0015,TALITHA MUMTAZ,00:39:31,NOTARIS,32,Female,62,00:00:05,00:10:36,00:28:29,00:39:26,,https://result.pickmyrace.id/myresults.aspx?uid=20572-66-2-121030
173,05-0347,VANDA RISOKA,00:39:31,UMUM,17,Female,63,00:03:09,00:09:37,00:26:12,00:36:21,,https://result.pickmyrace.id/myresults.aspx?uid=20572-66-2-122292
174,N05-0017,RICHIE HABEL LIMANTARA,00:39:32,NOTARIS,22,Male,111,00:00:13,,,00:39:19,,https://result.pickmyrace.id/myresults.aspx?uid=20572-66-2-121032
175,N05-0095,"SAMUEL AMADEUS LIMAN, S.H., M.KN.",00:39:32,NOTARIS,23,Male,112,00:00:00,,00:29:44,00:39:32,,https://result.pickmyrace.id/myresults.aspx?uid=20572-66-2-121110
176,N05-0605,ALISA,00:39:32,NOTARIS,33,Female,64,00:03:24,00:10:30,00:26:54,00:36:08,,https://result.pickmyrace.id/myresults.aspx?uid=20572-66-2-121620
177,05-0637,RIZKI ANISA MUTIARA,00:39:41,UMUM,18,Female,65,00:00:47,00:10:43,00:28:38,00:38:54,,https://result.pickmyrace.id/myresults.aspx?uid=20572-66-2-122938
178,05-0543,YULIUS OKA WIRAWAN,00:39:43,UMUM,75,Male,113,00:00:19,00:13:08,00:30:08,00:39:23,,https://result.pickmyrace.id/myresults.aspx?uid=20572-66-2-122488
179,05-0468,AHMAD AMINURRAHMAN,00:39:47,UMUM,76,Male,114,00:00:00,00:09:33,00:28:41,00:39:47,,https://result.pickmyrace.id/myresults.aspx?uid=20572-66-2-122413
180,05-0296,DEDEN UMAIDI,00:39:49,UMUM,77,Male,115,00:00:23,00:10:52,00:29:04,00:39:26,,https://result.pickmyrace.id/myresults.aspx?uid=20572-66-2-122241
181,05-0539,I KADEK DICKI DARMA PUTRA,00:39:49,UMUM,78,Male,116,00:00:16,00:10:25,00:28:47,00:39:33,,https://result.pickmyrace.id/myresults.aspx?uid=20572-66-2-122484
182,NM05-034,RIYESTA DEWI,00:39:49,MASTER NOTARIS,6,Female,66,00:00:03,00:10:26,00:28:46,00:39:46,,https://result.pickmyrace.id/myresults.aspx?uid=20572-66-2-121821
183,05-0644,JORDAN ANGGORO W,00:39:51,UMUM,79,Male,117,00:03:16,,00:28:21,00:36:35,,https://result.pickmyrace.id/myresults.aspx?uid=20572-66-2-122944
184,05-0483,DAYLAN HIDAYAT,00:39:51,UMUM,80,Male,118,00:00:48,00:08:50,00:27:27,00:39:03,,https://result.pickmyrace.id/myresults.aspx?uid=20572-66-2-122428
185,N05-0163,"SHINTA PURNAMA SARI SH., M.KN",00:39:54,NOTARIS,34,Female,67,00:00:03,00:10:00,00:28:41,00:39:51,,https://result.pickmyrace.id/myresults.aspx?uid=20572-66-2-121178
186,M05-026,RIYESTA DEWI,00:39:55,MASTER UMUM,14,Male,119,00:00:04,00:10:22,00:28:52,00:39:51,,https://result.pickmyrace.id/myresults.aspx?uid=20572-66-2-121903
187,N05-0232,MOUVA PUTRI RAMADHITA,00:39:55,NOTARIS,35,Female,68,00:00:27,00:11:18,00:29:33,00:39:28,,https://result.pickmyrace.id/myresults.aspx?uid=20572-66-2-121247
188,N05-0733,FAZAL HAQ,00:39:57,NOTARIS,24,Male,120,00:00:15,00:08:40,00:27:23,00:39:42,,https://result.pickmyrace.id/myresults.aspx?uid=20572-66-2-121748
189,05-0324,?ARU PRAYOGI,00:40:00,UMUM,81,Male,121,00:00:16,00:11:11,00:29:04,00:39:43,,https://result.pickmyrace.id/myresults.aspx?uid=20572-66-2-122269
190,N05-0146,ALVIO SENNA FAHRI,00:40:01,NOTARIS,25,Male,122,00:00:13,00:11:27,00:30:15,00:39:48,,https://result.pickmyrace.id/myresults.aspx?uid=20572-66-2-121161
191,N05-0381,RAIHAN PAHRAZI,00:40:06,NOTARIS,26,Male,123,00:00:14,00:10:37,00:29:06,00:39:51,,https://result.pickmyrace.id/myresults.aspx?uid=20572-66-2-121396
192,N05-0779,ANANDA SURYA DHARMA,00:40:08,NOTARIS,27,Male,124,00:03:26,00:10:12,00:27:39,00:36:41,,https://result.pickmyrace.id/myresults.aspx?uid=20572-66-2-122914
193,N05-0580,CARRIE CINARA CLAVINOVA,00:40:08,NOTARIS,36,Female,69,00:00:27,00:11:40,00:29:44,00:39:41,,https://result.pickmyrace.id/myresults.aspx?uid=20572-66-2-121595
194,N05-0541,GERALDINE H.S.S.U SIANTURI,00:40:09,NOTARIS,37,Female,70,00:00:00,,,00:40:09,,https://result.pickmyrace.id/myresults.aspx?uid=20572-66-2-121556
195,05-0236,YAYAH GINAYAH,00:40:11,UMUM,19,Female,71,00:01:17,00:11:47,00:28:44,00:38:54,,https://result.pickmyrace.id/myresults.aspx?uid=20572-66-2-122181
196,05-0125,BOEDI WAHJOEWONO,00:40:13,UMUM,82,Male,125,00:00:08,00:10:36,00:29:18,00:40:05,,https://result.pickmyrace.id/myresults.aspx?uid=20572-66-2-122070
197,N05-0627,"HENDRA SETIAWAN SIBURIAN, S.H.,M.KN",00:40:18,NOTARIS,28,Male,126,00:00:26,00:09:34,00:28:35,00:39:51,,https://result.pickmyrace.id/myresults.aspx?uid=20572-66-2-121642
198,N05-0393,"NURUDDIN S.H, M. Kn",00:40:21,NOTARIS,29,Male,127,00:00:01,00:10:31,00:29:50,00:40:20,,https://result.pickmyrace.id/myresults.aspx?uid=20572-66-2-121408
199,N05-0080,DWI GRACESANTIA,00:40:24,NOTARIS,38,Female,72,00:01:01,00:11:37,00:29:16,00:39:22,,https://result.pickmyrace.id/myresults.aspx?uid=20572-66-2-121095
200,NM05-032,RATU ARLINI SRIWAHYUNI WIDYASTUTI,00:40:27,MASTER NOTARIS,7,Female,73,00:01:14,00:12:12,00:29:05,00:39:12,,https://result.pickmyrace.id/myresults.aspx?uid=20572-66-2-121819
201,05-0387,AGUNG PRATAMA,00:40:27,UMUM,83,Male,128,00:00:54,00:20:15,,00:39:33,,https://result.pickmyrace.id/myresults.aspx?uid=20572-66-2-122332
202,05-0616,ARBI,00:40:31,UMUM,84,Male,129,00:04:42,00:11:02,00:26:41,00:35:48,,https://result.pickmyrace.id/myresults.aspx?uid=20572-66-2-122561
203,N05-0113,"FARIDHA ZAHRA, S.H., M.KN.",00:40:35,NOTARIS,39,Female,74,00:00:19,00:19:28,,00:40:15,,https://result.pickmyrace.id/myresults.aspx?uid=20572-66-2-121128
204,N05-0094,KEVIN RINALDI,00:40:36,NOTARIS,30,Male,130,00:03:21,00:10:19,00:26:52,00:37:15,,https://result.pickmyrace.id/myresults.aspx?uid=20572-66-2-121109
205,05-0398,YOSA MERINA FAHRI,00:40:38,UMUM,20,Female,75,00:00:14,00:11:25,00:30:12,00:40:24,,https://result.pickmyrace.id/myresults.aspx?uid=20572-66-2-122343
206,05-0563,DODI CAHYADI,00:40:40,UMUM,85,Male,131,00:00:15,00:11:08,00:29:34,00:40:25,,https://result.pickmyrace.id/myresults.aspx?uid=20572-66-2-122508
207,20,REZA,00:40:49,NOTARIS,31,Male,132,00:02:40,00:16:17,,00:38:08,,https://result.pickmyrace.id/myresults.aspx?uid=20572-66-2-122971
208,9,DULYONO,00:40:50,NOTARIS,32,Male,133,00:02:28,00:16:31,,00:38:21,,https://result.pickmyrace.id/myresults.aspx?uid=20572-66-2-122963
209,42,HARY FITRIANTO,00:40:51,NOTARIS,33,Male,134,00:00:00,00:18:57,,00:40:51,,https://result.pickmyrace.id/myresults.aspx?uid=20572-66-2-122987
210,05-0243,RACHMAGITA FITRIA,00:40:52,UMUM,21,Female,76,00:01:53,00:11:11,00:28:33,00:38:58,,https://result.pickmyrace.id/myresults.aspx?uid=20572-66-2-122188
211,N05-0233,STEVANI DESKA SURYANI BR MARPAUNG,00:40:53,NOTARIS,40,Female,77,00:00:27,00:11:22,00:29:42,00:40:26,,https://result.pickmyrace.id/myresults.aspx?uid=20572-66-2-121248
212,NM05-027,IRWAN UTAMA HIDAJAT,00:40:53,MASTER NOTARIS,3,Male,135,00:00:53,00:10:46,00:29:10,00:40:00,,https://result.pickmyrace.id/myresults.aspx?uid=20572-66-2-121814
213,05-0358,AJI RIDUWAN,00:40:53,UMUM,86,Male,136,00:00:14,00:11:44,00:30:28,00:40:39,,https://result.pickmyrace.id/myresults.aspx?uid=20572-66-2-122303
214,05-0327,DIMAS ARDY SUWONDO,00:40:54,UMUM,87,Male,137,00:00:18,00:20:15,,00:40:36,,https://result.pickmyrace.id/myresults.aspx?uid=20572-66-2-122272
215,M05-051,VIVI SUMANTRI,00:41:02,MASTER UMUM,10,Female,78,00:03:23,00:09:43,00:27:28,00:37:38,,https://result.pickmyrace.id/myresults.aspx?uid=20572-66-2-121928
216,N05-0277,"RYAN ANKIE, S.H., M.KN.",00:41:04,NOTARIS,34,Male,138,00:03:15,00:09:10,00:27:39,00:37:48,,https://result.pickmyrace.id/myresults.aspx?uid=20572-66-2-121292
217,05-0579,DIAN HUTRI SALVINA,00:41:08,UMUM,22,Female,79,00:00:02,00:10:08,00:30:10,00:41:05,,https://result.pickmyrace.id/myresults.aspx?uid=20572-66-2-122524
218,N05-0721,JOSHUA SUWANDI,00:41:12,NOTARIS,35,Male,139,00:01:14,00:11:56,00:30:24,00:39:57,,https://result.pickmyrace.id/myresults.aspx?uid=20572-66-2-121736
219,05-0663,NUR ZAMZAM,00:41:12,UMUM,88,Male,140,00:01:53,00:11:39,00:29:37,00:39:19,,https://result.pickmyrace.id/myresults.aspx?uid=20572-66-2-122957
220,N05-0258,"GHADAMFAR MUFLIH IDROES, S.H., M.KN.",00:41:18,NOTARIS,36,Male,141,00:00:51,00:10:02,00:29:51,00:40:26,,https://result.pickmyrace.id/myresults.aspx?uid=20572-66-2-121273
221,05-0012,GIBSON THOMASYADI,00:41:19,UMUM,89,Male,142,00:00:00,00:12:41,00:31:09,00:41:19,,https://result.pickmyrace.id/myresults.aspx?uid=20572-66-2-121957
222,05-0007,GEDE HENDRA MAHAYANA,00:41:21,UMUM,90,Male,143,00:00:32,00:11:57,00:30:33,00:40:48,,https://result.pickmyrace.id/myresults.aspx?uid=20572-66-2-121952
223,N05-0357,"FABIOLA KAUNANG, S.H., M.KN.",00:41:26,NOTARIS,41,Female,80,00:00:36,00:11:10,00:29:44,00:40:49,,https://result.pickmyrace.id/myresults.aspx?uid=20572-66-2-121372
224,05-0516,ANTONIUS ARRYA AL YOHRI,00:41:28,UMUM,91,Male,144,00:00:38,00:11:21,00:29:38,00:40:49,,https://result.pickmyrace.id/myresults.aspx?uid=20572-66-2-122461
225,05-0276,ANGGIE A SAUQI,00:41:29,UMUM,92,Male,145,00:01:54,00:13:33,00:30:13,00:39:35,,https://result.pickmyrace.id/myresults.aspx?uid=20572-66-2-122221
226,N05-0072,GRACE EVELIN LUMBANTOBING,00:41:31,NOTARIS,42,Female,81,00:00:03,00:09:30,00:28:00,00:41:28,,https://result.pickmyrace.id/myresults.aspx?uid=20572-66-2-121087
227,N05-0584,DEVIN DERIAN CHARIS,00:41:31,NOTARIS,37,Male,146,00:00:37,00:11:26,00:31:29,00:40:54,,https://result.pickmyrace.id/myresults.aspx?uid=20572-66-2-121599
228,05-0504,FAHRUL ROJI,00:41:33,UMUM,93,Male,147,00:00:00,,00:28:19,00:41:33,,https://result.pickmyrace.id/myresults.aspx?uid=20572-66-2-122449
229,05-0264,MAULIDYA SARI,00:41:40,UMUM,23,Female,82,00:05:22,00:18:49,,00:36:17,,https://result.pickmyrace.id/myresults.aspx?uid=20572-66-2-122209
230,05-0313,DEDY YONANTA,00:41:40,UMUM,94,Male,148,00:00:18,00:11:21,00:30:11,00:41:22,,https://result.pickmyrace.id/myresults.aspx?uid=20572-66-2-122258
231,N05-0589,"NIKITA LIONIKA JUANA, S.H.,M.KN.",00:41:41,NOTARIS,43,Female,83,00:00:17,00:11:21,00:30:22,00:41:24,,https://result.pickmyrace.id/myresults.aspx?uid=20572-66-2-121604
232,N05-0564,ENDANG KISWANTI,00:41:45,NOTARIS,44,Female,84,00:00:47,00:19:43,,00:40:58,,https://result.pickmyrace.id/myresults.aspx?uid=20572-66-2-121579
233,N05-0436,ADE ROJANAH,00:41:46,NOTARIS,45,Female,85,00:00:48,00:19:40,,00:40:58,,https://result.pickmyrace.id/myresults.aspx?uid=20572-66-2-121451
234,N05-0674,"SUHADI, SH",00:41:47,NOTARIS,38,Male,149,00:07:52,,00:15:32,00:33:54,,https://result.pickmyrace.id/myresults.aspx?uid=20572-66-2-121689
235,05-0457,SURYADI NUGRAHA,00:41:49,UMUM,95,Male,150,00:07:53,,00:15:34,00:33:56,,https://result.pickmyrace.id/myresults.aspx?uid=20572-66-2-122402
236,N05-0221,IWARIS HAREFA,00:41:53,NOTARIS,39,Male,151,00:07:53,,00:15:48,00:34:00,,https://result.pickmyrace.id/myresults.aspx?uid=20572-66-2-121236
237,N05-0283,IMAM AL QISTHALLANI,00:41:54,NOTARIS,40,Male,152,00:00:00,,00:30:45,00:41:54,,https://result.pickmyrace.id/myresults.aspx?uid=20572-66-2-121298
238,N05-0051,YUDHO AHMAD PRIYONO,00:41:58,NOTARIS,41,Male,153,00:00:16,00:11:48,00:30:28,00:41:41,,https://result.pickmyrace.id/myresults.aspx?uid=20572-66-2-121066
239,M05-057,RAHMANIA,00:42:02,MASTER UMUM,11,Female,86,00:00:00,00:11:57,00:30:49,00:42:02,,https://result.pickmyrace.id/myresults.aspx?uid=20572-66-2-121934
240,N05-0041,NADHIRA SHAFIYA,00:42:03,NOTARIS,46,Female,87,00:00:44,00:11:38,00:30:45,00:41:18,,https://result.pickmyrace.id/myresults.aspx?uid=20572-66-2-121056
241,N05-0420,RAUSHAN FIKR MUHAMMAD,00:42:04,NOTARIS,42,Male,154,00:01:19,00:14:14,00:30:57,00:40:45,,https://result.pickmyrace.id/myresults.aspx?uid=20572-66-2-121435
242,N05-0183,"DEVIE OCTAVIA SARI,S.H,.M.KN.",00:42:07,NOTARIS,47,Female,88,00:00:45,00:18:39,,00:41:21,,https://result.pickmyrace.id/myresults.aspx?uid=20572-66-2-121198
243,N05-0185,ELLY WAHYUNINGSIH SH MKN,00:42:08,NOTARIS,48,Female,89,00:00:45,00:18:40,,00:41:22,,https://result.pickmyrace.id/myresults.aspx?uid=20572-66-2-121200
244,NM05-023,"FERRIAAL, S.H., M.KN.",00:42:09,MASTER NOTARIS,8,Female,90,00:00:45,00:18:41,,00:41:23,,https://result.pickmyrace.id/myresults.aspx?uid=20572-66-2-121810
245,N05-0155,KATHERINE MERRYANA SIAHAAN,00:42:10,NOTARIS,49,Female,91,00:00:25,00:12:07,00:31:01,00:41:45,,https://result.pickmyrace.id/myresults.aspx?uid=20572-66-2-121170
246,05-0301,SWADIKA ASHAR,00:42:12,UMUM,96,Male,155,00:00:14,00:12:24,00:30:57,00:41:58,,https://result.pickmyrace.id/myresults.aspx?uid=20572-66-2-122246
247,N05-0456,"H. MONZA RIVIERO HARISSA, S.H., M.KN.",00:42:15,NOTARIS,43,Male,156,00:00:27,00:10:57,00:30:10,00:41:48,,https://result.pickmyrace.id/myresults.aspx?uid=20572-66-2-121471
248,N05-0304,SISKA ANGGRAINI,00:42:17,NOTARIS,50,Female,92,00:00:18,00:11:35,00:30:36,00:41:59,,https://result.pickmyrace.id/myresults.aspx?uid=20572-66-2-121319
249,N05-0628,"MURA KAN KUTARAYA, S.H., M.KN.",00:42:18,NOTARIS,51,Female,93,00:00:14,00:11:45,00:30:39,00:42:04,,https://result.pickmyrace.id/myresults.aspx?uid=20572-66-2-121643
250,N05-0672,INTANIA SELLY,00:42:18,NOTARIS,52,Female,94,00:00:06,00:11:01,00:31:18,00:42:12,,https://result.pickmyrace.id/myresults.aspx?uid=20572-66-2-121687
251,N05-0008,RISYALMA FADIA HASAN,00:42:22,NOTARIS,53,Female,95,00:02:55,00:10:16,00:28:53,00:39:27,,https://result.pickmyrace.id/myresults.aspx?uid=20572-66-2-121023
252,N05-0403,HELMI ISTABICHUL ROZI,00:42:30,NOTARIS,44,Male,157,00:00:34,00:11:57,00:30:47,00:41:56,,https://result.pickmyrace.id/myresults.aspx?uid=20572-66-2-121418
253,N05-0556,MARIA MAGDALENA ASTRINA BRATAJAYA,00:42:36,NOTARIS,54,Female,96,00:00:03,00:11:30,00:30:52,00:42:32,,https://result.pickmyrace.id/myresults.aspx?uid=20572-66-2-121571
254,N05-0368,FELICIA FANNY,00:42:37,NOTARIS,55,Female,97,00:00:27,00:11:41,00:31:02,00:42:09,,https://result.pickmyrace.id/myresults.aspx?uid=20572-66-2-121383
255,N05-0149,LA RIZKY AL MUHAMMAD,00:42:39,NOTARIS,45,Male,158,00:00:41,00:11:18,00:30:54,00:41:57,,https://result.pickmyrace.id/myresults.aspx?uid=20572-66-2-121164
256,05-0514,PURWOKO,00:42:41,UMUM,97,Male,159,00:02:39,00:10:57,00:28:19,00:40:02,,https://result.pickmyrace.id/myresults.aspx?uid=20572-66-2-122459
257,N05-0480,"BENEDICTUS YANITRA WIBOWO, S.H., M.KN.",00:42:47,NOTARIS,46,Male,160,00:00:23,00:12:27,00:32:50,00:42:23,,https://result.pickmyrace.id/myresults.aspx?uid=20572-66-2-121495
258,05-0439,RIYALDO RIO PARAKASI,00:42:47,UMUM,98,Male,161,00:00:10,00:10:53,00:30:59,00:42:36,,https://result.pickmyrace.id/myresults.aspx?uid=20572-66-2-122384
259,N05-0175,NABILA HAYU MURBARANI,00:42:48,NOTARIS,56,Female,98,00:00:11,00:10:53,00:31:06,00:42:36,,https://result.pickmyrace.id/myresults.aspx?uid=20572-66-2-121190
260,05-0006,XYLA HENRITTA,00:42:52,UMUM,24,Female,99,00:00:35,00:11:57,00:31:13,00:42:17,,https://result.pickmyrace.id/myresults.aspx?uid=20572-66-2-121951
261,05-0284,RICHELLE,00:42:53,UMUM,25,Female,100,00:00:24,00:11:11,00:31:15,00:42:29,,https://result.pickmyrace.id/myresults.aspx?uid=20572-66-2-122229
262,N05-0201,"AGNES SEPTIANA, S.H, M.KN.",00:42:56,NOTARIS,57,Female,101,00:00:23,00:12:36,00:31:45,00:42:32,,https://result.pickmyrace.id/myresults.aspx?uid=20572-66-2-121216
263,N05-0782,BAYU DWI HARYANTO,00:42:58,NOTARIS,47,Male,162,00:00:16,00:11:47,00:31:12,00:42:41,,https://result.pickmyrace.id/myresults.aspx?uid=20572-66-2-122917
264,N05-0068,FAIRUS AUGUSTINA RACHMAWATI,00:42:58,NOTARIS,58,Female,102,00:00:08,00:10:47,00:31:17,00:42:49,,https://result.pickmyrace.id/myresults.aspx?uid=20572-66-2-121083
265,05-0360,SEPTIAN CAESAR FLORESKO,00:42:59,UMUM,99,Male,163,00:00:57,00:11:30,00:31:44,00:42:01,,https://result.pickmyrace.id/myresults.aspx?uid=20572-66-2-122305
266,N05-0234,"SOFIYAN KRISDIANTO, S.H., M.KN",00:43:01,NOTARIS,48,Male,164,00:01:20,00:12:04,00:30:45,00:41:41,,https://result.pickmyrace.id/myresults.aspx?uid=20572-66-2-121249
267,05-0359,MUHAMMAD ILHAM RAMADHAN,00:43:03,UMUM,100,Male,165,00:00:06,00:10:52,00:31:17,00:42:56,,https://result.pickmyrace.id/myresults.aspx?uid=20572-66-2-122304
268,NM05-005,SAVITRI IRMA MULIA,00:43:08,MASTER NOTARIS,9,Female,103,00:00:43,00:20:56,,00:42:25,,https://result.pickmyrace.id/myresults.aspx?uid=20572-66-2-121792
269,N05-0725,"FITHRA, S.H., M.KN.",00:43:08,NOTARIS,49,Male,166,00:02:22,00:11:26,00:30:00,00:40:46,,https://result.pickmyrace.id/myresults.aspx?uid=20572-66-2-121740
270,05-0489,GABRIEL AMAGADELA,00:43:09,UMUM,101,Male,167,00:00:38,00:12:08,00:31:50,00:42:31,,https://result.pickmyrace.id/myresults.aspx?uid=20572-66-2-122434
271,M05-011,WINDRATI GANG,00:43:10,MASTER UMUM,12,Female,104,00:00:39,00:20:56,,00:42:31,,https://result.pickmyrace.id/myresults.aspx?uid=20572-66-2-121888
272,05-0088,INGGRID YULIA NINGSIH,00:43:10,UMUM,26,Female,105,00:02:52,00:12:58,00:29:58,00:40:18,,https://result.pickmyrace.id/myresults.aspx?uid=20572-66-2-122033
273,NM05-072,VERONICA SOELARSI D. R. L.,00:43:10,MASTER NOTARIS,10,Female,106,00:00:40,00:20:54,,00:42:30,,https://result.pickmyrace.id/myresults.aspx?uid=20572-66-2-121859
274,05-0320,YOLANDA ORYZA SATIVA,00:43:14,UMUM,27,Female,107,00:00:05,00:10:42,00:31:16,00:43:08,,https://result.pickmyrace.id/myresults.aspx?uid=20572-66-2-122265
275,05-0054,AHMAD DENI MAULANA,00:43:14,UMUM,102,Male,168,00:01:09,00:12:31,00:31:55,00:42:05,,https://result.pickmyrace.id/myresults.aspx?uid=20572-66-2-121999
276,N05-0219,CHELSYA MANIK,00:43:16,NOTARIS,59,Female,108,00:00:24,00:12:21,00:31:48,00:42:51,,https://result.pickmyrace.id/myresults.aspx?uid=20572-66-2-121234
277,N05-0602,"SUTRA HANDIKO, S.H., M.H., M.KN",00:43:16,NOTARIS,50,Male,169,00:00:06,00:09:47,00:31:12,00:43:10,,https://result.pickmyrace.id/myresults.aspx?uid=20572-66-2-121617
278,05-0638,KARTIKA YUSTISIA UTAMI,00:43:17,UMUM,28,Female,109,00:00:54,00:12:08,00:30:55,00:42:22,,https://result.pickmyrace.id/myresults.aspx?uid=20572-66-2-122939
279,N05-0144,"EDI YUSUF, S.H., M.KN.",00:43:21,NOTARIS,51,Male,170,00:00:43,00:12:48,00:32:14,00:42:38,,https://result.pickmyrace.id/myresults.aspx?uid=20572-66-2-121159
280,05-0598,YULEONARDO,00:43:23,UMUM,103,Male,171,00:00:21,00:12:29,00:32:34,00:43:02,,https://result.pickmyrace.id/myresults.aspx?uid=20572-66-2-122543
281,N05-0184,VINA RAHMAWATI NOOR,00:43:28,NOTARIS,60,Female,110,00:00:06,00:11:24,00:31:23,00:43:22,,https://result.pickmyrace.id/myresults.aspx?uid=20572-66-2-121199
282,N05-0202,KARTIKA WIDYANINGSIH,00:43:30,NOTARIS,61,Female,111,00:00:20,00:11:43,00:31:35,00:43:09,,https://result.pickmyrace.id/myresults.aspx?uid=20572-66-2-121217
283,05-0389,TOMMY JULIANDI SUTOYO,00:43:31,UMUM,104,Male,172,00:00:12,00:12:26,00:32:10,00:43:19,,https://result.pickmyrace.id/myresults.aspx?uid=20572-66-2-122334
284,N05-0006,PATRICIA STEPHANIE VERENA RAYA,00:43:33,NOTARIS,62,Female,112,00:02:58,00:11:07,00:30:29,00:40:35,,https://result.pickmyrace.id/myresults.aspx?uid=20572-66-2-121021
285,05-0491,ROBBY BUDIANTO,00:43:35,UMUM,105,Male,173,00:00:56,00:13:05,00:33:54,00:42:39,,https://result.pickmyrace.id/myresults.aspx?uid=20572-66-2-122436
286,N05-0353,SITI ZAHRANIA MAQDIS,00:43:41,NOTARIS,63,Female,113,00:00:53,00:12:36,00:31:55,00:42:48,,https://result.pickmyrace.id/myresults.aspx?uid=20572-66-2-121368
287,N05-0706,"BASTIAN HARIJANTO, S.H., M.KN.",00:43:46,NOTARIS,52,Male,174,00:00:29,00:13:43,00:33:13,00:43:16,,https://result.pickmyrace.id/myresults.aspx?uid=20572-66-2-121721
288,N05-0216,DASTIE KANYA DASRIL,00:43:47,NOTARIS,64,Female,114,00:01:03,00:12:35,00:31:16,00:42:44,,https://result.pickmyrace.id/myresults.aspx?uid=20572-66-2-121231
289,N05-0200,LINA ARYATI,00:43:50,NOTARIS,65,Female,115,00:00:05,00:21:44,,00:43:45,,https://result.pickmyrace.id/myresults.aspx?uid=20572-66-2-121215
290,N05-0688,BELINDA ALVIA EDISON,00:43:52,NOTARIS,66,Female,116,00:00:08,00:13:07,00:32:30,00:43:43,,https://result.pickmyrace.id/myresults.aspx?uid=20572-66-2-121703
291,N05-0248,MUHAMMAD REJBI ARMADIAN,00:43:53,NOTARIS,53,Male,175,00:00:57,,00:30:40,00:42:56,,https://result.pickmyrace.id/myresults.aspx?uid=20572-66-2-121263
292,N05-0125,MARIO R.A. SEKEON,00:43:56,NOTARIS,54,Male,176,00:02:32,00:13:27,00:31:55,00:41:24,,https://result.pickmyrace.id/myresults.aspx?uid=20572-66-2-121140
293,N05-0030,NISA RAHMA NAPISA,00:43:57,NOTARIS,67,Female,117,00:08:56,00:16:40,,00:35:00,,https://result.pickmyrace.id/myresults.aspx?uid=20572-66-2-121045
294,N05-0236,"QATRUNNADA ALVIRA ASZALTY S.H.,M.KN",00:43:57,NOTARIS,68,Female,118,00:08:56,00:16:40,,00:35:01,,https://result.pickmyrace.id/myresults.aspx?uid=20572-66-2-121251
295,05-0437,TANTO CAHYO NUGROHO,00:43:58,UMUM,106,Male,177,00:01:02,00:12:36,00:31:31,00:42:56,,https://result.pickmyrace.id/myresults.aspx?uid=20572-66-2-122382
296,N05-0218,PRATAMI HADI,00:43:59,NOTARIS,55,Male,178,00:01:01,00:12:34,00:31:21,00:42:57,,https://result.pickmyrace.id/myresults.aspx?uid=20572-66-2-121233
297,05-0098,FANNY ALISYA NUR SYAHFITRI,00:43:59,UMUM,29,Female,119,00:00:21,00:12:26,00:32:02,00:43:37,,https://result.pickmyrace.id/myresults.aspx?uid=20572-66-2-122043
298,NM05-080,DIRA ZUBER,00:44:02,MASTER NOTARIS,4,Male,179,00:01:24,00:11:55,00:31:47,00:42:37,,https://result.pickmyrace.id/myresults.aspx?uid=20572-66-2-121867
299,05-0186,MUHAMAD ARGI PAHRIJANI,00:44:02,UMUM,107,Male,180,00:00:28,00:10:39,00:30:54,00:43:33,,https://result.pickmyrace.id/myresults.aspx?uid=20572-66-2-122131
300,N05-0698,TRIJONO RUDY LAKSONO,00:44:02,NOTARIS,56,Male,181,00:01:30,00:11:49,00:31:43,00:42:31,,https://result.pickmyrace.id/myresults.aspx?uid=20572-66-2-121713
301,NM05-028,AMALIA SAUSAN,00:44:08,MASTER NOTARIS,11,Female,120,00:00:07,00:13:02,00:32:57,00:44:00,,https://result.pickmyrace.id/myresults.aspx?uid=20572-66-2-121815
302,N05-0374,VANESSA WIDYA LIEMANTARA,00:44:10,NOTARIS,69,Female,121,00:00:45,00:12:03,00:31:46,00:43:24,,https://result.pickmyrace.id/myresults.aspx?uid=20572-66-2-121389
303,NM05-070,"ELLYZA S.H., M.KN",00:44:15,MASTER NOTARIS,12,Female,122,00:00:07,00:12:20,00:32:54,00:44:08,,https://result.pickmyrace.id/myresults.aspx?uid=20572-66-2-121857
304,05-0404,RAKA BUDI SATRIO UTOMO,00:44:15,UMUM,108,Male,182,00:00:15,00:11:42,00:32:20,00:44:00,,https://result.pickmyrace.id/myresults.aspx?uid=20572-66-2-122349
305,N05-0012,"MUHAMAD HANIF RIFAYANDHI, S.H., M.KN.",00:44:17,NOTARIS,57,Male,183,00:01:16,00:11:54,00:31:59,00:43:01,,https://result.pickmyrace.id/myresults.aspx?uid=20572-66-2-121027
306,N05-0366,"ZULFANOVRIYENDI, S.H., M.KN., M.H.",00:44:20,NOTARIS,58,Male,184,00:00:00,00:11:08,00:32:21,00:44:20,,https://result.pickmyrace.id/myresults.aspx?uid=20572-66-2-121381
307,N05-0771,"TEGUH SANTOSO MARPAUNG, S.H., M.KN.",00:44:20,NOTARIS,59,Male,185,00:03:12,00:10:57,00:30:30,00:41:08,,https://result.pickmyrace.id/myresults.aspx?uid=20572-66-2-121786
308,05-0613,RAZIP PEBBIYAN NUGRAHA,00:44:20,UMUM,109,Male,186,00:00:04,00:10:33,00:31:57,00:44:16,,https://result.pickmyrace.id/myresults.aspx?uid=20572-66-2-122558
309,N05-0540,MARTA SRI WAHJUNI,00:44:22,NOTARIS,70,Female,123,00:00:06,00:11:45,00:31:34,00:44:15,,https://result.pickmyrace.id/myresults.aspx?uid=20572-66-2-121555
310,05-0015,DESKA NATALIA,00:44:22,UMUM,30,Female,124,00:00:20,00:11:20,00:30:57,00:44:01,,https://result.pickmyrace.id/myresults.aspx?uid=20572-66-2-121960
311,05-0260,SYAMSU DAIRATIL IRVAN,00:44:23,UMUM,110,Male,187,00:00:53,00:12:55,00:32:24,00:43:29,,https://result.pickmyrace.id/myresults.aspx?uid=20572-66-2-122205
312,05-0553,AKHMAD HUSNI MAULUDI,00:44:26,UMUM,111,Male,188,00:00:18,00:11:27,00:31:57,00:44:08,,https://result.pickmyrace.id/myresults.aspx?uid=20572-66-2-122498
313,N05-0783,"NATALIA SIANIPAR S.H., M.Kn",00:44:27,NOTARIS,71,Female,125,00:00:05,00:11:59,00:32:44,00:44:21,,https://result.pickmyrace.id/myresults.aspx?uid=20572-66-2-122918
314,N05-0181,NIRWANI IBRAHIM,00:44:27,NOTARIS,72,Female,126,00:00:19,00:12:25,00:32:30,00:44:08,,https://result.pickmyrace.id/myresults.aspx?uid=20572-66-2-121196
315,05-0596,IMRON,00:44:29,UMUM,112,Male,189,00:00:22,00:12:19,00:32:37,00:44:07,,https://result.pickmyrace.id/myresults.aspx?uid=20572-66-2-122541
316,N05-0079,"RIZKY PUTRA HANAFIE, S.H., M.KN.",00:44:30,NOTARIS,60,Male,190,00:03:25,00:10:53,00:30:08,00:41:05,,https://result.pickmyrace.id/myresults.aspx?uid=20572-66-2-121094
317,N05-0587,MUHAMMAD IQBAL,00:44:31,NOTARIS,61,Male,191,00:01:21,00:12:40,00:31:53,00:43:09,,https://result.pickmyrace.id/myresults.aspx?uid=20572-66-2-121602
318,N05-0111,TAZKYA RIZQYTA RADHWA,00:44:31,NOTARIS,73,Female,127,00:02:35,00:11:28,00:30:48,00:41:56,,https://result.pickmyrace.id/myresults.aspx?uid=20572-66-2-121126
319,N05-0611,MUHAMMAD IQBAL,00:44:32,NOTARIS,62,Male,192,00:03:25,00:11:03,00:29:48,00:41:06,,https://result.pickmyrace.id/myresults.aspx?uid=20572-66-2-121626
320,05-0517,KEZIA AURELIA,00:44:32,UMUM,31,Female,128,00:00:41,00:12:49,00:32:46,00:43:51,,https://result.pickmyrace.id/myresults.aspx?uid=20572-66-2-122462
321,N05-0702,ANASTASIA MEITRI,00:44:32,NOTARIS,74,Female,129,00:00:41,00:12:52,00:32:46,00:43:51,,https://result.pickmyrace.id/myresults.aspx?uid=20572-66-2-121717
322,N05-0571,ADITYA RAHMAN,00:44:33,NOTARIS,63,Male,193,00:00:00,00:15:58,00:33:58,00:44:33,,https://result.pickmyrace.id/myresults.aspx?uid=20572-66-2-121586
323,NM05-055,TUNGGUL NIRBOYO,00:44:34,MASTER NOTARIS,5,Male,194,00:01:00,00:14:50,00:33:31,00:43:33,,https://result.pickmyrace.id/myresults.aspx?uid=20572-66-2-121842
324,NM05-030,"MAHARDJANI, S.H",00:44:35,MASTER NOTARIS,13,Female,130,00:00:04,00:12:10,00:32:48,00:44:30,,https://result.pickmyrace.id/myresults.aspx?uid=20572-66-2-121817
325,05-0550,INDRA BAYU,00:44:36,UMUM,113,Male,195,00:00:42,,00:32:06,00:43:53,,https://result.pickmyrace.id/myresults.aspx?uid=20572-66-2-122495
326,05-0536,MUHAMMAD IRZAN MAULUDA,00:44:37,UMUM,114,Male,196,00:00:00,,00:33:45,00:44:37,,https://result.pickmyrace.id/myresults.aspx?uid=20572-66-2-122481
327,N05-0330,"ODY DWI WIGUNA, S,H, M.KN",00:44:38,NOTARIS,64,Male,197,00:01:03,00:11:35,00:33:13,00:43:34,,https://result.pickmyrace.id/myresults.aspx?uid=20572-66-2-121345
328,05-0124,DINA R,00:44:41,UMUM,32,Female,131,00:00:02,00:11:00,00:31:56,00:44:38,,https://result.pickmyrace.id/myresults.aspx?uid=20572-66-2-122069
329,N05-0101,"RAIHAN ARDIANSYAH, S.H., M.KN.",00:44:44,NOTARIS,65,Male,198,00:00:46,00:12:39,00:32:15,00:43:58,,https://result.pickmyrace.id/myresults.aspx?uid=20572-66-2-121116
330,N05-0644,ELVINA DARMAN,00:44:45,NOTARIS,75,Female,132,00:00:00,00:12:25,00:33:08,00:44:45,,https://result.pickmyrace.id/myresults.aspx?uid=20572-66-2-121659
331,N05-0452,NABILA SABRINA RIZA,00:44:46,NOTARIS,76,Female,133,00:02:35,00:11:10,00:30:48,00:42:11,,https://result.pickmyrace.id/myresults.aspx?uid=20572-66-2-121467
332,05-0104,MUHAMMAD RAKHA PRATAMA,00:44:47,UMUM,115,Male,199,00:00:13,00:13:19,00:35:39,00:44:34,,https://result.pickmyrace.id/myresults.aspx?uid=20572-66-2-122049
333,N05-0313,"FAHREL FAADHILAH WIRAMANSYAH, S.H., M.KN.",00:44:48,NOTARIS,66,Male,200,00:01:21,00:11:31,00:32:21,00:43:27,,https://result.pickmyrace.id/myresults.aspx?uid=20572-66-2-121328
334,N05-0347,"FIKRI AULIA HASUDUNGAN HARIANJA, S.H., M.KN.",00:44:48,NOTARIS,67,Male,201,00:00:29,00:11:03,00:31:56,00:44:19,,https://result.pickmyrace.id/myresults.aspx?uid=20572-66-2-121362
335,N05-0303,ALFIAN ANUGRAH SAPUTRA,00:44:49,NOTARIS,68,Male,202,00:01:21,00:11:32,00:32:17,00:43:28,,https://result.pickmyrace.id/myresults.aspx?uid=20572-66-2-121318
336,05-0662,MOCHAMAD FIRMAN SHULTHONI,00:44:50,UMUM,116,Male,203,00:02:07,00:11:28,00:31:27,00:42:43,,https://result.pickmyrace.id/myresults.aspx?uid=20572-66-2-122958
337,05-0207,RYAN RIVALDI,00:44:51,UMUM,117,Male,204,00:00:56,00:11:59,00:32:26,00:43:54,,https://result.pickmyrace.id/myresults.aspx?uid=20572-66-2-122152
338,N05-0618,MUSYAFFA ANDIKA,00:44:51,NOTARIS,69,Male,205,00:05:11,,00:30:15,00:39:39,,https://result.pickmyrace.id/myresults.aspx?uid=20572-66-2-121633
339,N05-0511,DIDAN FEBRUNO,00:44:54,NOTARIS,70,Male,206,00:03:00,00:10:53,00:30:34,00:41:53,,https://result.pickmyrace.id/myresults.aspx?uid=20572-66-2-121526
340,N05-0360,KRIZNA KIZMASKY,00:44:58,NOTARIS,77,Female,134,00:01:12,00:13:30,00:32:52,00:43:46,,https://result.pickmyrace.id/myresults.aspx?uid=20572-66-2-121375
341,05-0158,SUPRIYANTO,00:44:59,UMUM,118,Male,207,00:01:12,00:13:32,00:32:53,00:43:46,,https://result.pickmyrace.id/myresults.aspx?uid=20572-66-2-122103
342,05-0117,"SOHLIHIN, S. IP",00:45:00,UMUM,119,Male,208,00:02:09,00:11:16,00:31:16,00:42:51,,https://result.pickmyrace.id/myresults.aspx?uid=20572-66-2-122062
343,N05-0197,ANTHONY ROBERT PHANGESTU ABADY,00:45:00,NOTARIS,71,Male,209,00:01:29,00:13:20,00:32:28,00:43:30,,https://result.pickmyrace.id/myresults.aspx?uid=20572-66-2-121212
344,N05-0324,"FARHANSYAH PRADANA, S.H.,M.KN",00:45:01,NOTARIS,72,Male,210,00:00:21,00:12:09,00:32:37,00:44:40,,https://result.pickmyrace.id/myresults.aspx?uid=20572-66-2-121339
345,NM05-042,"UNANG MUHAMAD SOPYAN, S.H.,M.KN.",00:45:05,MASTER NOTARIS,6,Male,211,00:02:29,,00:31:26,00:42:36,,https://result.pickmyrace.id/myresults.aspx?uid=20572-66-2-121829
346,05-0336,MUHAMAD ARDIANSYAH,00:45:11,UMUM,120,Male,212,00:00:17,00:11:24,00:31:24,00:44:53,,https://result.pickmyrace.id/myresults.aspx?uid=20572-66-2-122281
347,N05-0002,ANITA ANGGRAENI SURYANA,00:45:12,NOTARIS,78,Female,135,00:00:06,00:12:40,00:33:30,00:45:05,,https://result.pickmyrace.id/myresults.aspx?uid=20572-66-2-121017
348,N05-0100,NABILLA OKTAFIANA,00:45:14,NOTARIS,79,Female,136,00:00:46,00:12:39,00:32:42,00:44:27,,https://result.pickmyrace.id/myresults.aspx?uid=20572-66-2-121115
349,05-0057,HUSNUL KHATIMAH,00:45:16,UMUM,33,Female,137,00:00:09,00:13:33,00:33:28,00:45:07,,https://result.pickmyrace.id/myresults.aspx?uid=20572-66-2-122002
350,N05-0453,"ARYA SETIAWAN S.H., M.KN.",00:45:18,NOTARIS,73,Male,213,00:00:16,00:12:43,00:33:19,00:45:02,,https://result.pickmyrace.id/myresults.aspx?uid=20572-66-2-121468
351,05-0641,ZAKI ZHARRIF,00:45:23,UMUM,121,Male,214,00:00:28,00:09:34,00:32:29,00:44:54,,https://result.pickmyrace.id/myresults.aspx?uid=20572-66-2-122942
352,N05-0018,"NABILA SAFITRI S.H.,M.KN",00:45:29,NOTARIS,80,Female,138,00:01:12,00:12:25,00:32:19,00:44:16,,https://result.pickmyrace.id/myresults.aspx?uid=20572-66-2-121033
353,05-0356,IDAH FARIDAH,00:45:34,UMUM,34,Female,139,00:00:33,00:11:42,00:32:41,00:45:01,,https://result.pickmyrace.id/myresults.aspx?uid=20572-66-2-122301
354,05-0275,KHOIRUL,00:45:35,UMUM,122,Male,215,00:02:46,00:11:35,00:30:55,00:42:49,,https://result.pickmyrace.id/myresults.aspx?uid=20572-66-2-122220
355,N05-0029,NUNIK,00:45:35,NOTARIS,81,Female,140,00:00:20,00:13:22,00:33:41,00:45:15,,https://result.pickmyrace.id/myresults.aspx?uid=20572-66-2-121044
356,05-0092,PEMA RINZIN,00:45:37,UMUM,123,Male,216,00:03:37,00:12:06,00:30:24,00:42:00,,https://result.pickmyrace.id/myresults.aspx?uid=20572-66-2-122037
357,05-0085,CHRISTOPHER FADJAR,00:45:37,UMUM,124,Male,217,00:03:36,00:12:03,00:30:39,00:42:00,,https://result.pickmyrace.id/myresults.aspx?uid=20572-66-2-122030
358,05-0169,RICHO IKWIYANTO MAHARDIKA,00:45:38,UMUM,125,Male,218,00:00:58,00:13:13,00:33:19,00:44:40,,https://result.pickmyrace.id/myresults.aspx?uid=20572-66-2-122114
359,NM05-079,"RADEN ADRIANT, SH",00:45:39,MASTER NOTARIS,7,Male,219,00:01:05,00:14:06,00:33:32,00:44:34,,https://result.pickmyrace.id/myresults.aspx?uid=20572-66-2-121866
360,N05-0340,"GITA RACHMAD GUNAWAN, S.H., M.KN.",00:45:43,NOTARIS,74,Male,220,00:00:58,00:13:10,00:33:35,00:44:44,,https://result.pickmyrace.id/myresults.aspx?uid=20572-66-2-121355
361,N05-0769,ZULFYAR ILHAM RAMADHAN,00:45:46,NOTARIS,75,Male,221,00:00:15,00:12:22,00:32:46,00:45:30,,https://result.pickmyrace.id/myresults.aspx?uid=20572-66-2-121784
362,N05-0047,SEKAR SENUSHA,00:45:47,NOTARIS,76,Male,222,00:00:55,00:14:51,00:33:57,00:44:51,,https://result.pickmyrace.id/myresults.aspx?uid=20572-66-2-121062
363,N05-0166,FERALDA MULQIATAMA,00:45:57,NOTARIS,82,Female,141,00:00:52,00:12:57,00:32:25,00:45:05,,https://result.pickmyrace.id/myresults.aspx?uid=20572-66-2-121181
364,05-0126,ANGELYN CHRISTINE BR BATUBARA,00:46:00,UMUM,35,Female,142,00:00:13,,00:33:49,00:45:47,,https://result.pickmyrace.id/myresults.aspx?uid=20572-66-2-122071
365,N05-0709,MUHAMMAD RINO SYAHPUTRA,00:46:07,NOTARIS,77,Male,223,00:00:12,00:14:13,00:33:59,00:45:55,,https://result.pickmyrace.id/myresults.aspx?uid=20572-66-2-121724
366,N05-0167,MUHAMMAD IMAM WAHYUDDIN Z,00:46:09,NOTARIS,78,Male,224,00:03:00,00:10:49,00:30:30,00:43:08,,https://result.pickmyrace.id/myresults.aspx?uid=20572-66-2-121182
367,05-0218,AHMAD HAFIDZ FAUZAN SYA'BANI,00:46:12,UMUM,126,Male,225,00:01:21,00:12:53,00:33:16,00:44:51,,https://result.pickmyrace.id/myresults.aspx?uid=20572-66-2-122163
368,N05-0009,CUT PUAN ALIYYA HENRITTA,00:46:14,NOTARIS,83,Female,143,00:00:36,00:12:17,00:33:33,00:45:38,,https://result.pickmyrace.id/myresults.aspx?uid=20572-66-2-121024
369,N05-0325,"THOMAS WIBISONO PRASETYA ADJIE, S.H., M.KN.",00:46:16,NOTARIS,79,Male,226,00:01:13,00:12:27,00:33:25,00:45:02,,https://result.pickmyrace.id/myresults.aspx?uid=20572-66-2-121340
370,N05-0406,SALMA NABILAH,00:46:17,NOTARIS,84,Female,144,00:02:33,00:11:34,00:31:58,00:43:44,,https://result.pickmyrace.id/myresults.aspx?uid=20572-66-2-121421
371,N05-0284,SILVIA GOVANI LIMENA,00:46:25,NOTARIS,85,Female,145,00:00:07,00:13:09,00:34:39,00:46:18,,https://result.pickmyrace.id/myresults.aspx?uid=20572-66-2-121299
372,05-0123,PRAMUDIA ARFANSAH WIDJAJA,00:46:28,UMUM,127,Male,227,00:05:15,,00:30:06,00:41:13,,https://result.pickmyrace.id/myresults.aspx?uid=20572-66-2-122068
373,N05-0572,"SARINA RULITA, S.H., M.KN.",00:46:28,NOTARIS,86,Female,146,00:00:33,00:11:59,00:33:45,00:45:55,,https://result.pickmyrace.id/myresults.aspx?uid=20572-66-2-121587
374,05-0210,BUDIMAN,00:46:36,UMUM,128,Male,228,00:00:25,00:11:50,00:33:26,00:46:10,,https://result.pickmyrace.id/myresults.aspx?uid=20572-66-2-122155
375,N05-0475,NADIA LUTHFIYAH,00:46:38,NOTARIS,87,Female,147,00:00:40,00:20:17,,00:45:58,,https://result.pickmyrace.id/myresults.aspx?uid=20572-66-2-121490
376,05-0703,MUHAMMAD IQBAL,00:46:39,UMUM,129,Male,229,00:00:43,00:20:12,,00:45:55,,https://result.pickmyrace.id/myresults.aspx?uid=20572-66-2-122960
377,N05-0693,"MGS. MOHD. AMIRUL HAFIZ, S.H., M.KN",00:46:39,NOTARIS,80,Male,230,00:00:00,00:13:40,00:34:41,00:46:39,,https://result.pickmyrace.id/myresults.aspx?uid=20572-66-2-121708
378,05-0501,KEPRI PARANDI HIDI SUBRATA,00:46:40,UMUM,130,Male,231,00:00:00,00:13:32,00:34:55,00:46:40,,https://result.pickmyrace.id/myresults.aspx?uid=20572-66-2-122446
379,NM05-057,"MANARSAR ANITA AROEAN, S.H, M.KN",00:46:43,MASTER NOTARIS,14,Female,148,00:00:12,00:20:15,,00:46:30,,https://result.pickmyrace.id/myresults.aspx?uid=20572-66-2-121844
380,N05-0647,"POPPY INDAH SETIORINI, S.H., M.KN",00:46:45,NOTARIS,88,Female,149,00:01:15,00:12:37,00:33:25,00:45:30,,https://result.pickmyrace.id/myresults.aspx?uid=20572-66-2-121662
381,N05-0662,RARA AYU NILAMSARI,00:46:47,NOTARIS,89,Female,150,00:00:11,00:11:52,00:33:47,00:46:36,,https://result.pickmyrace.id/myresults.aspx?uid=20572-66-2-121677
382,N05-0043,"UMMUL SARI FADHILLAH, S.H., M.KN",00:46:48,NOTARIS,90,Female,151,00:00:00,00:16:04,00:34:47,00:46:48,,https://result.pickmyrace.id/myresults.aspx?uid=20572-66-2-121058
383,N05-0486,ARDY RADITYA HENDRAWAN,00:46:51,NOTARIS,81,Male,232,00:03:18,00:11:29,00:31:20,00:43:33,,https://result.pickmyrace.id/myresults.aspx?uid=20572-66-2-121501
384,N05-0521,SISKA NUR APRIYANI,00:46:53,NOTARIS,91,Female,152,00:00:12,00:12:10,00:33:27,00:46:40,,https://result.pickmyrace.id/myresults.aspx?uid=20572-66-2-121536
385,05-0355,MATTHEW STEFFANO SUWANDI,00:46:57,UMUM,131,Male,233,00:01:13,00:13:11,00:34:26,00:45:43,,https://result.pickmyrace.id/myresults.aspx?uid=20572-66-2-122300
386,N05-0642,RACHMAT HIDAYAT,00:47:00,NOTARIS,82,Male,234,00:03:19,00:11:37,00:32:50,00:43:40,,https://result.pickmyrace.id/myresults.aspx?uid=20572-66-2-121657
387,N05-0169,PRASASTI ADISTYA,00:47:01,NOTARIS,92,Female,153,00:00:56,00:12:27,00:34:00,00:46:05,,https://result.pickmyrace.id/myresults.aspx?uid=20572-66-2-121184
388,05-0025,MELISSA VIRGINIA BEATRICE SILALAHI,00:47:02,UMUM,36,Female,154,00:02:58,00:12:24,00:31:55,00:44:03,,https://result.pickmyrace.id/myresults.aspx?uid=20572-66-2-121970
389,N05-0775,REZA SETIAWAN,00:47:02,NOTARIS,83,Male,235,00:00:00,00:15:03,00:36:14,00:47:02,,https://result.pickmyrace.id/myresults.aspx?uid=20572-66-2-122910
390,N05-0550,OLIVIA CHERIE COMEITO,00:47:03,NOTARIS,93,Female,155,00:00:18,00:11:48,00:33:46,00:46:44,,https://result.pickmyrace.id/myresults.aspx?uid=20572-66-2-121565
391,05-0291,KYNO KURNIAWAN,00:47:04,UMUM,132,Male,236,00:06:07,,00:30:11,00:40:56,,https://result.pickmyrace.id/myresults.aspx?uid=20572-66-2-122236
392,N05-0060,MARTHASARI LARASATI,00:47:04,NOTARIS,94,Female,156,00:01:04,00:16:40,00:36:13,00:45:59,,https://result.pickmyrace.id/myresults.aspx?uid=20572-66-2-121075
393,N05-0778,GUNTUR PRIAMBODO,00:47:08,NOTARIS,84,Male,237,00:00:57,,00:33:44,00:46:11,,https://result.pickmyrace.id/myresults.aspx?uid=20572-66-2-122913
394,N05-0777,LINNA KURNIAWATI,00:47:11,NOTARIS,95,Female,157,00:00:56,,00:33:44,00:46:15,,https://result.pickmyrace.id/myresults.aspx?uid=20572-66-2-122912
395,N05-0231,"I GEDE ABDHI SATRYA MAHARDIKA, S.H., M.KN.",00:47:12,NOTARIS,85,Male,238,00:00:02,00:11:40,00:33:20,00:47:10,,https://result.pickmyrace.id/myresults.aspx?uid=20572-66-2-121246
396,N05-0204,I DEWA AGUNG RAMA BUDI PREMANA,00:47:14,NOTARIS,86,Male,239,00:00:02,00:12:12,00:33:38,00:47:12,,https://result.pickmyrace.id/myresults.aspx?uid=20572-66-2-121219
397,N05-0251,KHANZA INAS AZ ZAHRA FIKRY,00:47:15,NOTARIS,96,Female,158,00:00:54,00:13:53,00:34:55,00:46:20,,https://result.pickmyrace.id/myresults.aspx?uid=20572-66-2-121266
398,N05-0120,MOHAMAD ABROR.SH.MKN,00:47:19,NOTARIS,87,Male,240,00:00:36,00:12:38,00:34:37,00:46:42,,https://result.pickmyrace.id/myresults.aspx?uid=20572-66-2-121135
399,05-0372,KAMAL,00:47:19,UMUM,133,Male,241,00:00:37,00:15:04,00:34:30,00:46:41,,https://result.pickmyrace.id/myresults.aspx?uid=20572-66-2-122317
400,M05-069,TEGUH DWI YULIANTO,00:47:19,MASTER UMUM,15,Male,242,00:00:00,00:19:01,00:36:23,00:47:19,,https://result.pickmyrace.id/myresults.aspx?uid=20572-66-2-122923
401,05-0341,THOFL,00:47:20,UMUM,134,Male,243,00:05:45,00:12:57,00:31:54,00:41:35,,https://result.pickmyrace.id/myresults.aspx?uid=20572-66-2-122286
402,N05-0196,MUHAMMAD TAUFIQ,00:47:21,NOTARIS,97,Female,159,00:01:07,00:12:18,00:33:51,00:46:13,,https://result.pickmyrace.id/myresults.aspx?uid=20572-66-2-121211
403,N05-0454,RIFALDY RAHMAN ALFARISH,00:47:21,NOTARIS,88,Male,244,00:05:48,,00:32:05,00:41:33,,https://result.pickmyrace.id/myresults.aspx?uid=20572-66-2-121469
404,05-0406,DEDDY KURNIAWAN,00:47:29,UMUM,135,Male,245,00:00:09,00:12:46,00:34:40,00:47:19,,https://result.pickmyrace.id/myresults.aspx?uid=20572-66-2-122351
405,N05-0383,FARHAN HAMKA ILYASA,00:47:29,NOTARIS,89,Male,246,00:00:00,,00:35:58,00:47:29,,https://result.pickmyrace.id/myresults.aspx?uid=20572-66-2-121398
406,NM05-065,"AFRIWANDI, S.H., M.KN.",00:47:30,MASTER NOTARIS,8,Male,247,00:01:09,00:12:44,00:33:53,00:46:21,,https://result.pickmyrace.id/myresults.aspx?uid=20572-66-2-121852
407,N05-0446,"ALDO PUTRA YUDHISTIRA, S.H., M.H.",00:47:31,NOTARIS,90,Male,248,00:00:33,00:12:07,00:34:39,00:46:57,,https://result.pickmyrace.id/myresults.aspx?uid=20572-66-2-121461
408,N05-0539,"KRISTY SP SINULINGGA SH.,M.Kn.",00:47:31,NOTARIS,98,Female,160,00:00:13,00:13:10,00:34:14,00:47:18,,https://result.pickmyrace.id/myresults.aspx?uid=20572-66-2-121554
409,N05-0215,MOH KHEMAL AKBAR,00:47:32,NOTARIS,91,Male,249,00:00:53,00:12:54,00:34:08,00:46:38,,https://result.pickmyrace.id/myresults.aspx?uid=20572-66-2-121230
410,N05-0161,YENA HANDAYANI,00:47:33,NOTARIS,99,Female,161,00:00:09,00:12:46,00:34:39,00:47:23,,https://result.pickmyrace.id/myresults.aspx?uid=20572-66-2-121176
411,N05-0272,HANIA,00:47:33,NOTARIS,100,Female,162,00:00:00,,,00:47:33,,https://result.pickmyrace.id/myresults.aspx?uid=20572-66-2-121287
412,N05-0732,TIAS PINKY ANANDA,00:47:35,NOTARIS,101,Female,163,00:00:00,,,00:47:35,,https://result.pickmyrace.id/myresults.aspx?uid=20572-66-2-121747
413,N05-0275,"FRANKA RIMA AMALIA, S.H.,M.KN.",00:47:35,NOTARIS,102,Female,164,00:00:00,,,00:47:35,,https://result.pickmyrace.id/myresults.aspx?uid=20572-66-2-121290
414,05-0086,MARYUS,00:47:36,UMUM,136,Male,250,00:03:37,00:12:07,00:32:28,00:43:58,,https://result.pickmyrace.id/myresults.aspx?uid=20572-66-2-122031
415,N05-0748,ADITYA TARUNA,00:47:38,NOTARIS,92,Male,251,00:00:49,,00:35:04,00:46:48,,https://result.pickmyrace.id/myresults.aspx?uid=20572-66-2-121763
416,N05-0274,MUHAMMAD DAFFA FIRJATULLAH,00:47:39,NOTARIS,93,Male,252,00:00:00,,,00:47:39,,https://result.pickmyrace.id/myresults.aspx?uid=20572-66-2-121289
417,05-0167,NURUL HIDAYAH DWI ASTUTI,00:47:41,UMUM,37,Female,165,00:00:06,00:11:41,00:34:16,00:47:34,,https://result.pickmyrace.id/myresults.aspx?uid=20572-66-2-122112
418,05-0584,GAVIN IKBRAR,00:47:42,UMUM,137,Male,253,00:00:53,,00:34:52,00:46:48,,https://result.pickmyrace.id/myresults.aspx?uid=20572-66-2-122529
419,N05-0228,"MONICA AWALIYA, S.H., M.KN",00:47:43,NOTARIS,103,Female,166,00:00:49,00:13:36,00:34:25,00:46:54,,https://result.pickmyrace.id/myresults.aspx?uid=20572-66-2-121243
420,M05-072,NETY ADJRONIAWATY,00:47:45,MASTER UMUM,13,Female,167,00:01:09,00:14:06,00:35:22,00:46:35,,https://result.pickmyrace.id/myresults.aspx?uid=20572-66-2-122926
421,05-0076,NURLAELIYAH,00:47:48,UMUM,38,Female,168,00:01:15,00:12:32,00:34:03,00:46:33,,https://result.pickmyrace.id/myresults.aspx?uid=20572-66-2-122021
422,N05-0749,"MOCHAMMAD FARHAN TANJOENG SH., M.KN",00:47:50,NOTARIS,94,Male,254,00:00:54,00:13:45,00:35:03,00:46:55,,https://result.pickmyrace.id/myresults.aspx?uid=20572-66-2-121764
423,N05-0578,"DR.YUVITA ISNANIA,S.H.,M.KN",00:47:50,NOTARIS,104,Female,169,00:00:03,00:13:07,00:34:53,00:47:47,,https://result.pickmyrace.id/myresults.aspx?uid=20572-66-2-121593
424,M05-048,"ABDUL CHOLIK,S.H.,M.KN",00:47:50,MASTER UMUM,16,Male,255,00:00:04,00:13:02,00:34:52,00:47:46,,https://result.pickmyrace.id/myresults.aspx?uid=20572-66-2-121925
425,NM05-046,SITI NUR ISMININGSIH,00:47:54,MASTER NOTARIS,15,Female,170,00:00:00,,,00:47:54,,https://result.pickmyrace.id/myresults.aspx?uid=20572-66-2-121833
426,N05-0561,DILLA NAFISA,00:47:59,NOTARIS,105,Female,171,00:00:24,00:13:11,00:34:41,00:47:35,,https://result.pickmyrace.id/myresults.aspx?uid=20572-66-2-121576
427,N05-0560,ARIO PRASETIA KUSUMAH,00:48:00,NOTARIS,95,Male,256,00:00:24,00:13:12,00:34:43,00:47:36,,https://result.pickmyrace.id/myresults.aspx?uid=20572-66-2-121575
428,N05-0044,"ERLANGGA NOOR PUTRA. S.H., M.KN",00:48:00,NOTARIS,96,Male,257,00:00:00,00:17:14,00:36:13,00:48:00,,https://result.pickmyrace.id/myresults.aspx?uid=20572-66-2-121059
429,N05-0437,"INDA FEBRI RAHAYU S, S.H., M.KN",00:48:00,NOTARIS,106,Female,172,00:00:25,00:12:55,00:35:07,00:47:35,,https://result.pickmyrace.id/myresults.aspx?uid=20572-66-2-121452
430,N05-0620,NADIA FEBRINA,00:48:01,NOTARIS,107,Female,173,00:01:14,00:13:11,00:34:12,00:46:47,,https://result.pickmyrace.id/myresults.aspx?uid=20572-66-2-121635
431,05-0072,REGINA NATASYA,00:48:01,UMUM,39,Female,174,00:00:44,00:14:44,00:35:02,00:47:16,,https://result.pickmyrace.id/myresults.aspx?uid=20572-66-2-122017
432,05-0073,FELINA DESIANA,00:48:01,UMUM,40,Female,175,00:00:43,00:14:44,00:35:01,00:47:17,,https://result.pickmyrace.id/myresults.aspx?uid=20572-66-2-122018
433,N05-0469,ARSYAL KURNIAWAN,00:48:07,NOTARIS,97,Male,258,00:02:54,00:13:44,00:33:22,00:45:12,,https://result.pickmyrace.id/myresults.aspx?uid=20572-66-2-121484
434,05-0299,IGNATIUS DWI INDRA,00:48:07,UMUM,138,Male,259,00:00:43,00:14:20,00:36:22,00:47:24,,https://result.pickmyrace.id/myresults.aspx?uid=20572-66-2-122244
435,05-0572,YANDRA MUHAMAD PRIMANA,00:48:07,UMUM,139,Male,260,00:00:28,00:12:07,00:32:51,00:47:39,,https://result.pickmyrace.id/myresults.aspx?uid=20572-66-2-122517
436,N05-0742,SHINTA DEWI ARTIKA,00:48:08,NOTARIS,108,Female,176,00:00:27,00:12:06,00:32:44,00:47:40,,https://result.pickmyrace.id/myresults.aspx?uid=20572-66-2-121757
437,05-0328,?M FAHRI,00:48:08,UMUM,140,Male,261,00:00:17,00:14:16,00:38:00,00:47:50,,https://result.pickmyrace.id/myresults.aspx?uid=20572-66-2-122273
438,N05-0443,MICHELLE FLORENTIN PHORTOLOMEIUS,00:48:08,NOTARIS,109,Female,177,00:00:18,00:13:24,00:35:02,00:47:50,,https://result.pickmyrace.id/myresults.aspx?uid=20572-66-2-121458
439,N05-0294,"FERLY NATALIA KURNIADI, S.H., M.KN.",00:48:09,NOTARIS,110,Female,178,00:01:15,00:14:18,00:34:32,00:46:54,,https://result.pickmyrace.id/myresults.aspx?uid=20572-66-2-121309
440,N05-0295,"DR. HERLINA, S.H., M.H., M.KN.",00:48:10,NOTARIS,111,Female,179,00:01:15,00:14:21,00:34:33,00:46:55,,https://result.pickmyrace.id/myresults.aspx?uid=20572-66-2-121310
441,N05-0269,CLARISSA ANGELINE,00:48:11,NOTARIS,112,Female,180,00:00:48,00:13:03,00:34:28,00:47:22,,https://result.pickmyrace.id/myresults.aspx?uid=20572-66-2-121284
442,05-0414,DINA NURIANINGSIH,00:48:11,UMUM,41,Female,181,00:00:57,00:12:10,00:34:26,00:47:14,,https://result.pickmyrace.id/myresults.aspx?uid=20572-66-2-122359
443,N05-0354,NUR INDAH PERMANASARI,00:48:13,NOTARIS,113,Female,182,00:00:41,,00:34:39,00:47:31,,https://result.pickmyrace.id/myresults.aspx?uid=20572-66-2-121369
444,05-0247,BAHRUDIN,00:48:14,UMUM,141,Male,262,00:01:04,00:13:17,00:34:58,00:47:10,,https://result.pickmyrace.id/myresults.aspx?uid=20572-66-2-122192
445,N05-0745,DELICIA GEMMA,00:48:19,NOTARIS,114,Female,183,00:00:37,00:12:56,00:34:30,00:47:42,,https://result.pickmyrace.id/myresults.aspx?uid=20572-66-2-121760
446,05-0575,MUHAMMAD IKRAM,00:48:20,UMUM,142,Male,263,00:00:36,00:12:54,00:34:28,00:47:43,,https://result.pickmyrace.id/myresults.aspx?uid=20572-66-2-122520
447,05-0256,JOVO TRI ARYANTO,00:48:22,UMUM,143,Male,264,00:01:11,00:14:16,00:35:18,00:47:11,,https://result.pickmyrace.id/myresults.aspx?uid=20572-66-2-122201
448,05-0021,SHEILA ODILIA,00:48:23,UMUM,42,Female,184,00:00:00,00:13:33,00:36:23,00:48:23,,https://result.pickmyrace.id/myresults.aspx?uid=20572-66-2-121966
449,N05-0491,ANGELINA JUSTIANI,00:48:24,NOTARIS,115,Female,185,00:01:28,00:12:44,00:34:31,00:46:55,,https://result.pickmyrace.id/myresults.aspx?uid=20572-66-2-121506
450,N05-0208,INDAH MARLISA,00:48:25,NOTARIS,116,Female,186,00:00:05,00:12:14,00:35:16,00:48:19,,https://result.pickmyrace.id/myresults.aspx?uid=20572-66-2-121223
451,N05-0063,AGUS DARMAWAN,00:48:28,NOTARIS,98,Male,265,00:01:29,00:12:47,00:34:35,00:46:58,,https://result.pickmyrace.id/myresults.aspx?uid=20572-66-2-121078
452,N05-0099,ADELLA PUTRI WESTI,00:48:28,NOTARIS,117,Female,187,00:01:08,00:14:02,00:35:10,00:47:20,,https://result.pickmyrace.id/myresults.aspx?uid=20572-66-2-121114
453,N05-0667,FRENGKI HARDIAN,00:48:31,NOTARIS,99,Male,266,00:00:53,00:13:22,00:35:17,00:47:37,,https://result.pickmyrace.id/myresults.aspx?uid=20572-66-2-121682
454,N05-0624,SHAIFUL KOSTIAWAN,00:48:33,NOTARIS,100,Male,267,00:00:33,,00:35:12,00:47:59,,https://result.pickmyrace.id/myresults.aspx?uid=20572-66-2-121639
455,N05-0663,SULTAN ALVARO DWIYANTO,00:48:36,NOTARIS,101,Male,268,00:00:31,00:13:28,00:35:07,00:48:05,,https://result.pickmyrace.id/myresults.aspx?uid=20572-66-2-121678
456,05-0202,CANANDA,00:48:39,UMUM,144,Male,269,00:00:14,00:13:04,00:35:09,00:48:25,,https://result.pickmyrace.id/myresults.aspx?uid=20572-66-2-122147
457,N05-0416,"MOHAMAD BIMA DWIKA, S.H., M.KN.",00:48:39,NOTARIS,102,Male,270,00:00:14,00:13:05,00:35:10,00:48:25,,https://result.pickmyrace.id/myresults.aspx?uid=20572-66-2-121431
458,05-0487,ZAHRA EFILIA,00:48:40,UMUM,43,Female,188,00:00:11,00:13:49,00:35:38,00:48:28,,https://result.pickmyrace.id/myresults.aspx?uid=20572-66-2-122432
459,NM05-091,YUDI TAKARADA,00:48:40,MASTER NOTARIS,9,Male,271,00:01:14,00:13:49,00:35:14,00:47:26,,https://result.pickmyrace.id/myresults.aspx?uid=20572-66-2-122922
460,05-0363,JULI TRIONO,00:48:40,UMUM,145,Male,272,00:08:12,00:11:51,00:29:54,00:40:28,,https://result.pickmyrace.id/myresults.aspx?uid=20572-66-2-122308
461,N05-0010,HARFIANSYAH,00:48:41,NOTARIS,103,Male,273,00:00:56,,00:35:13,00:47:44,,https://result.pickmyrace.id/myresults.aspx?uid=20572-66-2-121025
462,N05-0021,LISA PUTRI UTAMI,00:48:41,NOTARIS,118,Female,189,00:00:30,00:14:12,00:36:00,00:48:10,,https://result.pickmyrace.id/myresults.aspx?uid=20572-66-2-121036
463,N05-0515,"DEA DWITIYARINI, S.H., M.KN.",00:48:43,NOTARIS,119,Female,190,00:01:19,00:13:43,00:35:19,00:47:24,,https://result.pickmyrace.id/myresults.aspx?uid=20572-66-2-121530
464,N05-0224,IMRON,00:48:46,NOTARIS,104,Male,274,00:00:02,00:11:49,00:36:13,00:48:44,,https://result.pickmyrace.id/myresults.aspx?uid=20572-66-2-121239
465,NM05-010,ANDI HARTATI HARIFIN,00:48:46,MASTER NOTARIS,16,Female,191,00:00:27,00:13:57,00:35:19,00:48:19,,https://result.pickmyrace.id/myresults.aspx?uid=20572-66-2-121797
466,NM05-067,ADE YASMIN,00:48:46,MASTER NOTARIS,17,Female,192,00:00:27,00:14:00,00:35:19,00:48:19,,https://result.pickmyrace.id/myresults.aspx?uid=20572-66-2-121854
467,N05-0518,DIAH AYU SARTIKA,00:48:48,NOTARIS,120,Female,193,00:00:14,00:13:07,00:34:53,00:48:34,,https://result.pickmyrace.id/myresults.aspx?uid=20572-66-2-121533
468,05-0435,ALISHA FITRI AZZAHRA,00:48:48,UMUM,44,Female,194,00:00:41,00:12:37,00:34:18,00:48:07,,https://result.pickmyrace.id/myresults.aspx?uid=20572-66-2-122380
469,05-0456,INA OKTAVIA NASRUL,00:48:51,UMUM,45,Female,195,00:00:11,00:13:09,00:35:31,00:48:39,,https://result.pickmyrace.id/myresults.aspx?uid=20572-66-2-122401
470,N05-0332,NUR CHOIRULLAH ADI CANDRA,00:48:51,NOTARIS,105,Male,275,00:03:08,00:11:42,00:33:12,00:45:42,,https://result.pickmyrace.id/myresults.aspx?uid=20572-66-2-121347
471,05-0388,TOMMY JULIANDI SUTOYO,00:48:55,UMUM,146,Male,276,00:00:13,00:13:03,00:35:27,00:48:41,,https://result.pickmyrace.id/myresults.aspx?uid=20572-66-2-122333
472,05-0451,MUHAMMAD AFIFFUDIN,00:48:55,UMUM,147,Male,277,00:04:37,,00:32:26,00:44:18,,https://result.pickmyrace.id/myresults.aspx?uid=20572-66-2-122396
473,05-0448,DHITA FEBRIANTY,00:48:55,UMUM,46,Female,196,00:01:26,00:13:42,00:35:31,00:47:29,,https://result.pickmyrace.id/myresults.aspx?uid=20572-66-2-122393
474,N05-0440,SHERLINA STEVANI,00:48:56,NOTARIS,121,Female,197,00:00:05,00:13:15,00:35:26,00:48:50,,https://result.pickmyrace.id/myresults.aspx?uid=20572-66-2-121455
475,N05-0013,"NARED AJI UTAMI WIDITA, S.H., M.KN",00:48:57,NOTARIS,122,Female,198,00:00:23,00:13:13,00:35:07,00:48:33,,https://result.pickmyrace.id/myresults.aspx?uid=20572-66-2-121028
476,05-0033,MUHAMMAD IKHSAN DHANI PRATAMA,00:48:58,UMUM,148,Male,278,00:01:55,,00:35:28,00:47:02,,https://result.pickmyrace.id/myresults.aspx?uid=20572-66-2-121978
477,N05-0016,PELANGI ADZANIA,00:49:00,NOTARIS,123,Female,199,00:00:20,00:14:52,00:36:22,00:48:39,,https://result.pickmyrace.id/myresults.aspx?uid=20572-66-2-121031
478,N05-0052,KINTANNIA KHAIRUNNISSA INDRIYANTI,00:49:00,NOTARIS,124,Female,200,00:00:23,00:20:15,,00:48:37,,https://result.pickmyrace.id/myresults.aspx?uid=20572-66-2-121067
479,N05-0241,DIAN AYU RIZKIKA,00:49:00,NOTARIS,125,Female,201,00:00:09,,00:35:26,00:48:51,,https://result.pickmyrace.id/myresults.aspx?uid=20572-66-2-121256
480,N05-0438,"MOHAMAD SYARIEF KHAFI, S.H.,M.KN",00:49:01,NOTARIS,106,Male,279,00:00:04,00:16:07,00:36:26,00:48:57,,https://result.pickmyrace.id/myresults.aspx?uid=20572-66-2-121453
481,N05-0731,ULYA FARIDAH,00:49:01,NOTARIS,126,Female,202,00:00:26,00:12:48,00:35:21,00:48:35,,https://result.pickmyrace.id/myresults.aspx?uid=20572-66-2-121746
482,N05-0463,"ADITYA BAGUS HIMAWAN, S.H.,M.KN",00:49:05,NOTARIS,107,Male,280,00:00:35,00:12:29,00:34:29,00:48:30,,https://result.pickmyrace.id/myresults.aspx?uid=20572-66-2-121478
483,N05-0152,ADE AKTANOTARIA,00:49:05,NOTARIS,127,Female,203,00:00:01,00:10:49,00:35:42,00:49:03,,https://result.pickmyrace.id/myresults.aspx?uid=20572-66-2-121167
484,N05-0654,"ERIK LESMANA PUTRA, S.H., M.KN",00:49:05,NOTARIS,108,Male,281,00:00:02,00:10:52,00:35:42,00:49:03,,https://result.pickmyrace.id/myresults.aspx?uid=20572-66-2-121669
485,N05-0309,AFIFAH,00:49:09,NOTARIS,128,Female,204,00:00:18,00:12:54,00:35:39,00:48:50,,https://result.pickmyrace.id/myresults.aspx?uid=20572-66-2-121324
486,05-0455,NAILA ALIYA IQBAL,00:49:11,UMUM,47,Female,205,00:00:12,00:13:13,00:35:25,00:48:58,,https://result.pickmyrace.id/myresults.aspx?uid=20572-66-2-122400
487,N05-0657,"HERI SUTIKNO, S.H., M. KN",00:49:12,NOTARIS,109,Male,282,00:00:04,00:12:58,00:36:49,00:49:07,,https://result.pickmyrace.id/myresults.aspx?uid=20572-66-2-121672
488,M05-031,IDA AYU PRIHATININGRUM,00:49:12,MASTER UMUM,14,Female,206,00:01:18,00:19:53,,00:47:54,,https://result.pickmyrace.id/myresults.aspx?uid=20572-66-2-121908
489,N05-0625,"TONY LIZARDO, S.H., M.KN.",00:49:13,NOTARIS,110,Male,283,00:00:50,00:12:16,00:32:54,00:48:22,,https://result.pickmyrace.id/myresults.aspx?uid=20572-66-2-121640
490,30,AZFA MUZHAFFAR ALIM,00:49:14,NOTARIS,111,Male,284,00:00:00,00:16:45,00:36:32,00:49:14,,https://result.pickmyrace.id/myresults.aspx?uid=20572-66-2-122975
491,N05-0299,"FANDY NOVITZO ADISTYO, S.H., M.KN",00:49:14,NOTARIS,112,Male,285,00:00:00,,00:31:39,00:49:14,,https://result.pickmyrace.id/myresults.aspx?uid=20572-66-2-121314
492,N05-0180,"LOLLYTA JULIUS, S.H., M.KN",00:49:16,NOTARIS,129,Female,207,00:00:31,00:13:10,00:35:21,00:48:44,,https://result.pickmyrace.id/myresults.aspx?uid=20572-66-2-121195
493,N05-0249,"WENI MARIATI, S.H., M.KN.",00:49:18,NOTARIS,130,Female,208,00:01:08,00:14:03,00:36:06,00:48:09,,https://result.pickmyrace.id/myresults.aspx?uid=20572-66-2-121264
494,N05-0743,SAFIRA MAHARANI,00:49:18,NOTARIS,131,Female,209,00:01:09,00:20:19,,00:48:09,,https://result.pickmyrace.id/myresults.aspx?uid=20572-66-2-121758
495,N05-0633,T A R Y,00:49:19,NOTARIS,132,Female,210,00:00:41,00:14:23,00:35:49,00:48:38,,https://result.pickmyrace.id/myresults.aspx?uid=20572-66-2-121648
496,05-0010,RAKLY TADASHI,00:49:20,UMUM,149,Male,286,00:00:39,00:12:59,00:35:58,00:48:40,,https://result.pickmyrace.id/myresults.aspx?uid=20572-66-2-121955
497,N05-0022,"RANTI ALIFIA SYADILLA, S.H., M.KN",00:49:20,NOTARIS,133,Female,211,00:00:39,00:12:57,00:35:58,00:48:40,,https://result.pickmyrace.id/myresults.aspx?uid=20572-66-2-121037
498,05-0629,EDWARD,00:49:21,UMUM,150,Male,287,00:04:38,,00:32:24,00:44:42,,https://result.pickmyrace.id/myresults.aspx?uid=20572-66-2-122934
499,N05-0717,TODY ADI PRATAMA,00:49:22,NOTARIS,113,Male,288,00:00:34,00:14:58,00:36:58,00:48:47,,https://result.pickmyrace.id/myresults.aspx?uid=20572-66-2-121732
500,05-0531,ARIEANA,00:49:23,UMUM,48,Female,212,00:01:10,00:14:04,00:35:36,00:48:13,,https://result.pickmyrace.id/myresults.aspx?uid=20572-66-2-122476
501,N05-0246,"AMETHYSA KARAMA CUPU MANIK, S.H., M.KN.",00:49:23,NOTARIS,134,Female,213,00:01:11,00:14:23,00:35:03,00:48:11,,https://result.pickmyrace.id/myresults.aspx?uid=20572-66-2-121261
502,05-0093,MULYADI,00:49:23,UMUM,151,Male,289,00:00:56,,00:37:09,00:48:27,,https://result.pickmyrace.id/myresults.aspx?uid=20572-66-2-122038
503,05-0280,ANGGITA PUTRI RAHAYU,00:49:26,UMUM,49,Female,214,00:00:08,00:12:20,00:34:56,00:49:17,,https://result.pickmyrace.id/myresults.aspx?uid=20572-66-2-122225
504,N05-0035,"DEBORA DAMANIK, S.H., M. KN.",00:49:28,NOTARIS,135,Female,215,00:00:08,00:13:23,00:35:42,00:49:19,,https://result.pickmyrace.id/myresults.aspx?uid=20572-66-2-121050
505,05-0263,ULVINA SUCI KARTIKA,00:49:29,UMUM,50,Female,216,00:00:43,00:12:22,00:35:29,00:48:45,,https://result.pickmyrace.id/myresults.aspx?uid=20572-66-2-122208
506,N05-0697,"YULIANA SULISTYAWATI,S.H.M.KN.",00:49:40,NOTARIS,136,Female,217,00:00:50,00:13:25,00:35:11,00:48:49,,https://result.pickmyrace.id/myresults.aspx?uid=20572-66-2-121712
507,N05-0281,AFFRA SABILLA RACHMADHIVA,00:49:47,NOTARIS,137,Female,218,00:00:25,00:13:41,00:36:05,00:49:21,,https://result.pickmyrace.id/myresults.aspx?uid=20572-66-2-121296
508,05-0344,REYHAN,00:49:47,UMUM,152,Male,290,00:00:24,00:13:43,00:36:06,00:49:22,,https://result.pickmyrace.id/myresults.aspx?uid=20572-66-2-122289
509,N05-0247,"SILVIA, S.H., M.KN.",00:49:48,NOTARIS,138,Female,219,00:00:56,00:17:36,00:37:06,00:48:51,,https://result.pickmyrace.id/myresults.aspx?uid=20572-66-2-121262
510,05-0488,RAINIER VALENTINO JOSEPH,00:49:49,UMUM,153,Male,291,00:00:25,00:15:05,00:37:20,00:49:24,,https://result.pickmyrace.id/myresults.aspx?uid=20572-66-2-122433
511,N05-0255,"ADDINAR FATIMATUS ZAHROH, S.H., M.KN",00:49:50,NOTARIS,139,Female,220,00:00:26,00:13:03,00:36:08,00:49:23,,https://result.pickmyrace.id/myresults.aspx?uid=20572-66-2-121270
512,N05-0092,HJ. SAFITRI HARYA PRADHANI M.KN.,00:49:51,NOTARIS,140,Female,221,00:00:11,00:14:05,00:36:27,00:49:40,,https://result.pickmyrace.id/myresults.aspx?uid=20572-66-2-121107
513,05-0008,ARGA AULIA RAHMAN RAMLI,00:49:52,UMUM,154,Male,292,00:00:06,00:13:57,00:35:56,00:49:45,,https://result.pickmyrace.id/myresults.aspx?uid=20572-66-2-121953
514,N05-0056,"MUTIARA HAFIDZAH, S.H., M.KN.",00:49:52,NOTARIS,141,Female,222,00:00:09,00:13:54,00:35:48,00:49:43,,https://result.pickmyrace.id/myresults.aspx?uid=20572-66-2-121071
515,05-0466,SAHIRA UMMU SALAMAH,00:49:53,UMUM,51,Female,223,00:00:07,00:12:15,00:35:05,00:49:45,,https://result.pickmyrace.id/myresults.aspx?uid=20572-66-2-122411
516,NM05-059,"SITI HUMAIROH, S.H., M.KN.",00:49:55,MASTER NOTARIS,18,Female,224,00:02:51,00:22:47,,00:47:04,,https://result.pickmyrace.id/myresults.aspx?uid=20572-66-2-121846
517,NM05-063,EVALUSI HASTUTIK,00:49:56,MASTER NOTARIS,19,Female,225,00:02:51,00:22:56,,00:47:04,,https://result.pickmyrace.id/myresults.aspx?uid=20572-66-2-121850
518,05-0009,DANIEL LAHABU,00:50:01,UMUM,155,Male,293,00:00:05,,00:36:52,00:49:55,,https://result.pickmyrace.id/myresults.aspx?uid=20572-66-2-121954
519,N05-0586,"ANITA YUSLINA, S.H, M.KN.",00:50:01,NOTARIS,142,Female,226,00:00:00,,,00:50:01,,https://result.pickmyrace.id/myresults.aspx?uid=20572-66-2-121601
520,N05-0262,ARINI MUTIARA,00:50:02,NOTARIS,143,Female,227,00:00:59,00:13:33,00:35:36,00:49:02,,https://result.pickmyrace.id/myresults.aspx?uid=20572-66-2-121277
521,N05-0028,FARAS NABILA,00:50:03,NOTARIS,144,Female,228,00:00:14,00:13:24,00:36:03,00:49:48,,https://result.pickmyrace.id/myresults.aspx?uid=20572-66-2-121043
522,05-0004,M HELMI,00:50:03,UMUM,156,Male,294,00:00:14,00:14:10,00:36:08,00:49:48,,https://result.pickmyrace.id/myresults.aspx?uid=20572-66-2-121949
523,N05-0048,"SAFIRA FITRI MAANI, S.H., M.KN",00:50:03,NOTARIS,145,Female,229,00:00:15,,00:36:14,00:49:48,,https://result.pickmyrace.id/myresults.aspx?uid=20572-66-2-121063
524,05-0204,DWI RAHAYU,00:50:05,UMUM,52,Female,230,00:00:34,00:14:02,00:36:03,00:49:30,,https://result.pickmyrace.id/myresults.aspx?uid=20572-66-2-122149
525,05-0589,REYHAN AL FAKIH RISKIAN,00:50:06,UMUM,157,Male,295,00:01:10,00:15:51,00:36:34,00:48:56,,https://result.pickmyrace.id/myresults.aspx?uid=20572-66-2-122534
526,N05-0322,"HENDRIANTO S.H.,M.KN.",00:50:06,NOTARIS,114,Male,296,00:01:04,00:11:45,00:35:31,00:49:02,,https://result.pickmyrace.id/myresults.aspx?uid=20572-66-2-121337
527,N05-0641,"NUR ASYRAF MUNIF JUNAIDY, S.H., M.SI., M.KN",00:50:07,NOTARIS,115,Male,297,00:03:18,00:11:44,00:32:55,00:46:48,,https://result.pickmyrace.id/myresults.aspx?uid=20572-66-2-121656
528,05-0121,KATOTJE CHRISTIANI,00:50:08,UMUM,53,Female,231,00:01:07,00:14:03,00:36:09,00:49:00,,https://result.pickmyrace.id/myresults.aspx?uid=20572-66-2-122066
529,05-0192,BUN LIONG PHIN,00:50:08,UMUM,158,Male,298,00:00:29,00:11:32,00:36:14,00:49:39,,https://result.pickmyrace.id/myresults.aspx?uid=20572-66-2-122137
530,N05-0529,"MUTIA ZAHRA,S.H.,M.KN",00:50:10,NOTARIS,146,Female,232,00:01:37,00:13:12,00:35:36,00:48:33,,https://result.pickmyrace.id/myresults.aspx?uid=20572-66-2-121544
531,05-0265,FAHWID ICHLASUL RAFIEF,00:50:10,UMUM,159,Male,299,00:01:37,00:13:13,00:35:36,00:48:33,,https://result.pickmyrace.id/myresults.aspx?uid=20572-66-2-122210
532,05-0364,AHMAD RUDINI,00:50:10,UMUM,160,Male,300,00:08:09,00:12:19,00:31:31,00:42:00,,https://result.pickmyrace.id/myresults.aspx?uid=20572-66-2-122309
533,05-0373,AYU PERTIWI,00:50:10,UMUM,54,Female,233,00:00:34,00:15:21,00:38:00,00:49:35,,https://result.pickmyrace.id/myresults.aspx?uid=20572-66-2-122318
534,05-0606,NADA AINIYYAH,00:50:13,UMUM,55,Female,234,00:00:58,00:12:56,00:35:23,00:49:14,,https://result.pickmyrace.id/myresults.aspx?uid=20572-66-2-122551
535,05-0417,UMI SALAMAH,00:50:17,UMUM,56,Female,235,00:00:05,00:13:30,00:36:38,00:50:12,,https://result.pickmyrace.id/myresults.aspx?uid=20572-66-2-122362
536,05-0408,MUHAMMAD FARHAN RAMADHAN,00:50:17,UMUM,161,Male,301,00:00:28,00:14:12,00:36:12,00:49:49,,https://result.pickmyrace.id/myresults.aspx?uid=20572-66-2-122353
537,05-0185,SITI SUMIYATI,00:50:19,UMUM,57,Female,236,00:00:16,00:15:34,00:37:28,00:50:02,,https://result.pickmyrace.id/myresults.aspx?uid=20572-66-2-122130
538,05-0492,PETRA RAMONA,00:50:26,UMUM,58,Female,237,00:00:57,00:13:06,00:36:25,00:49:29,,https://result.pickmyrace.id/myresults.aspx?uid=20572-66-2-122437
539,05-0587,REYHAN AL FATA RAZAKI,00:50:28,UMUM,162,Male,302,00:00:43,00:13:07,00:36:55,00:49:44,,https://result.pickmyrace.id/myresults.aspx?uid=20572-66-2-122532
540,N05-0599,VADHIA NABILLA,00:50:29,NOTARIS,147,Female,238,00:00:24,00:12:57,00:35:36,00:50:04,,https://result.pickmyrace.id/myresults.aspx?uid=20572-66-2-121614
541,N05-0392,"YULIA FARADHYTA DEWI, S.H., M.KN.",00:50:29,NOTARIS,148,Female,239,00:00:24,00:12:59,00:35:34,00:50:05,,https://result.pickmyrace.id/myresults.aspx?uid=20572-66-2-121407
542,N05-0348,RENNY ESTI ULUM,00:50:30,NOTARIS,149,Female,240,00:01:17,,00:35:33,00:49:12,,https://result.pickmyrace.id/myresults.aspx?uid=20572-66-2-121363
543,N05-0508,ALFIN PERMANA LUTFI,00:50:30,NOTARIS,116,Male,303,00:01:11,00:15:27,00:37:36,00:49:19,,https://result.pickmyrace.id/myresults.aspx?uid=20572-66-2-121523
544,N05-0191,RISYAD ABDULLAH,00:50:32,NOTARIS,117,Male,304,00:00:31,00:13:13,00:36:11,00:50:00,,https://result.pickmyrace.id/myresults.aspx?uid=20572-66-2-121206
545,N05-0763,POPO PAUZI RIDWAN,00:50:32,NOTARIS,118,Male,305,00:00:00,,,00:50:32,,https://result.pickmyrace.id/myresults.aspx?uid=20572-66-2-121778
546,05-0083,HERLINDA NURWIDYASTUTI,00:50:33,UMUM,59,Female,241,00:00:14,,00:36:19,00:50:19,,https://result.pickmyrace.id/myresults.aspx?uid=20572-66-2-122028
547,N05-0513,AJENG DINI PERTIWI,00:50:34,NOTARIS,150,Female,242,00:00:11,00:14:23,00:37:34,00:50:22,,https://result.pickmyrace.id/myresults.aspx?uid=20572-66-2-121528
548,05-0522,INDAH LESTARI SIAHAAN,00:50:35,UMUM,60,Female,243,00:04:59,00:09:21,00:24:55,00:45:35,,https://result.pickmyrace.id/myresults.aspx?uid=20572-66-2-122467
549,05-0611,HANGGARA SURYA PRATAMA,00:50:38,UMUM,163,Male,306,00:01:18,00:12:42,00:36:00,00:49:20,,https://result.pickmyrace.id/myresults.aspx?uid=20572-66-2-122556
550,N05-0730,"CHRISTOVIN TANIYA,S.H.,M.KN.",00:50:39,NOTARIS,151,Female,244,00:01:16,00:15:34,00:37:10,00:49:23,,https://result.pickmyrace.id/myresults.aspx?uid=20572-66-2-121745
601,05-0164,MARSHANDA EKA PUTRI,00:51:55,UMUM,68,Female,277,00:00:07,00:13:28,00:37:51,00:51:48,,https://result.pickmyrace.id/myresults.aspx?uid=20572-66-2-122109
602,05-0161,NIDA AULIA,00:51:55,UMUM,69,Female,278,00:00:07,00:13:29,00:37:53,00:51:48,,https://result.pickmyrace.id/myresults.aspx?uid=20572-66-2-122106
603,05-0131,LIA DESTIRANA,00:51:55,UMUM,70,Female,279,00:00:28,00:13:42,00:37:41,00:51:27,,https://result.pickmyrace.id/myresults.aspx?uid=20572-66-2-122076
604,N05-0037,"MIRZA ALVINA MAHARANI, S.H., M.KN.",00:51:56,NOTARIS,177,Female,280,00:01:50,00:14:30,00:37:15,00:50:06,,https://result.pickmyrace.id/myresults.aspx?uid=20572-66-2-121052
605,05-0368,YUSTINA ELVINIA,00:51:57,UMUM,71,Female,281,00:00:00,,,00:51:57,,https://result.pickmyrace.id/myresults.aspx?uid=20572-66-2-122313
606,05-0369,RIMAWATI,00:51:58,UMUM,72,Female,282,00:00:00,,,00:51:58,,https://result.pickmyrace.id/myresults.aspx?uid=20572-66-2-122314
607,05-0520,YOSEPH FREINADEMENTZ KANTAR,00:51:58,UMUM,172,Male,325,00:04:59,00:11:22,00:34:51,00:46:58,,https://result.pickmyrace.id/myresults.aspx?uid=20572-66-2-122465
608,N05-0151,TYARA ISABELLAURA CANDRA,00:51:58,NOTARIS,178,Female,283,00:08:08,00:12:19,00:31:51,00:43:50,,https://result.pickmyrace.id/myresults.aspx?uid=20572-66-2-121166
609,N05-0451,YUDHA ARIE PUTRA,00:51:59,NOTARIS,126,Male,326,00:02:14,,00:36:48,00:49:44,,https://result.pickmyrace.id/myresults.aspx?uid=20572-66-2-121466
610,N05-0329,DIMAS BASTIAN TITO SH MKN,00:52:00,NOTARIS,127,Male,327,00:00:36,00:14:08,00:37:37,00:51:23,,https://result.pickmyrace.id/myresults.aspx?uid=20572-66-2-121344
611,N05-0433,"ABDUL GAFUR, S.H, M. Kn",00:52:01,NOTARIS,128,Male,328,00:00:02,00:12:56,00:37:44,00:51:58,,https://result.pickmyrace.id/myresults.aspx?uid=20572-66-2-121448
612,N05-0528,"RD. MILA GARTINA GARHADY NATA KUSUMAH, S.H., M.KN.",00:52:04,NOTARIS,179,Female,284,00:00:10,00:14:52,00:38:10,00:51:54,,https://result.pickmyrace.id/myresults.aspx?uid=20572-66-2-121543
613,05-0557,MUHAMMAD ADHILUHUNG SOSIAWAN,00:52:05,UMUM,173,Male,329,00:08:23,00:14:25,,00:43:42,,https://result.pickmyrace.id/myresults.aspx?uid=20572-66-2-122502
614,N05-0077,GRACIA FEODORA NURMALA,00:52:09,NOTARIS,180,Female,285,00:02:58,00:14:23,00:37:00,00:49:11,,https://result.pickmyrace.id/myresults.aspx?uid=20572-66-2-121092
615,N05-0459,MARIA LUTGARDIS EDDYLIS SUWARDI,00:52:10,NOTARIS,181,Female,286,00:00:52,00:14:48,00:37:57,00:51:18,,https://result.pickmyrace.id/myresults.aspx?uid=20572-66-2-121474
616,05-0219,AEGIDIUS DHARMAYANA BUDI K.,00:52:10,UMUM,174,Male,330,00:00:48,00:14:52,00:38:01,00:51:21,,https://result.pickmyrace.id/myresults.aspx?uid=20572-66-2-122164
617,05-0209,ZACKY NIZAR NURAMDAN,00:52:11,UMUM,175,Male,331,00:00:09,00:14:40,00:38:00,00:52:01,,https://result.pickmyrace.id/myresults.aspx?uid=20572-66-2-122154
618,05-0470,FAHMI FARISY,00:52:11,UMUM,176,Male,332,00:00:10,00:14:37,00:37:52,00:52:01,,https://result.pickmyrace.id/myresults.aspx?uid=20572-66-2-122415
619,N05-0566,"RINA TALISA, S.H., M.KN.",00:52:12,NOTARIS,182,Female,287,00:00:05,00:13:38,00:37:27,00:52:07,,https://result.pickmyrace.id/myresults.aspx?uid=20572-66-2-121581
620,N05-0154,NABILA TASYA HERMAWAN,00:52:13,NOTARIS,183,Female,288,00:00:11,00:13:26,00:38:33,00:52:01,,https://result.pickmyrace.id/myresults.aspx?uid=20572-66-2-121169
621,N05-0504,"HILMAN SYARIEF, SH. M. KN",00:52:18,NOTARIS,129,Male,333,00:00:00,,,00:52:18,,https://result.pickmyrace.id/myresults.aspx?uid=20572-66-2-121519
622,05-0386,EKA SAPTA REDJAMAT,00:52:20,UMUM,177,Male,334,00:00:54,00:16:35,00:38:41,00:51:25,,https://result.pickmyrace.id/myresults.aspx?uid=20572-66-2-122331
623,N05-0245,JEVI VANASARI,00:52:23,NOTARIS,184,Female,289,00:03:12,00:13:25,00:35:48,00:49:11,,https://result.pickmyrace.id/myresults.aspx?uid=20572-66-2-121260
624,05-0090,RAYNOLD RACHWELL,00:52:23,UMUM,178,Male,335,00:03:13,00:13:29,00:35:48,00:49:10,,https://result.pickmyrace.id/myresults.aspx?uid=20572-66-2-122035
625,N05-0551,MUHAMMAD IHSAN TRIANTAMA,00:52:24,NOTARIS,130,Male,336,00:08:45,,,00:43:38,,https://result.pickmyrace.id/myresults.aspx?uid=20572-66-2-121566
626,N05-0331,CYNTHIA KANIA,00:52:28,NOTARIS,185,Female,290,00:00:27,00:15:14,00:38:36,00:52:00,,https://result.pickmyrace.id/myresults.aspx?uid=20572-66-2-121346
627,N05-0343,ADINDA HAFNI HUMAIRA,00:52:29,NOTARIS,186,Female,291,00:02:38,00:13:05,00:36:26,00:49:51,,https://result.pickmyrace.id/myresults.aspx?uid=20572-66-2-121358
628,N05-0129,"LAURENSIA LEFINA MULAULI, S.H., M.KN.",00:52:29,NOTARIS,187,Female,292,00:02:36,00:13:09,00:36:27,00:49:53,,https://result.pickmyrace.id/myresults.aspx?uid=20572-66-2-121144
629,N05-0773,SINTO ARI WIBOWO,00:52:30,NOTARIS,131,Male,337,00:00:11,00:14:44,00:38:42,00:52:19,,https://result.pickmyrace.id/myresults.aspx?uid=20572-66-2-122908
630,05-0427,ABIMANYU MUHAMMAD FARHAN. B,00:52:31,UMUM,179,Male,338,00:01:09,,00:37:08,00:51:21,,https://result.pickmyrace.id/myresults.aspx?uid=20572-66-2-122372
631,N05-0592,IGA PRICILIA,00:52:33,NOTARIS,188,Female,293,00:00:20,00:14:19,00:38:13,00:52:12,,https://result.pickmyrace.id/myresults.aspx?uid=20572-66-2-121607
632,05-0617,WINDA,00:52:34,UMUM,73,Female,294,00:04:47,00:11:45,00:34:32,00:47:46,,https://result.pickmyrace.id/myresults.aspx?uid=20572-66-2-122562
633,N05-0214,CLEMENT SALIKIN,00:52:34,NOTARIS,132,Male,339,00:01:17,00:12:50,00:37:49,00:51:17,,https://result.pickmyrace.id/myresults.aspx?uid=20572-66-2-121229
634,05-0430,CRISTELLA TASHA,00:52:35,UMUM,74,Female,295,00:01:18,00:12:52,00:37:48,00:51:16,,https://result.pickmyrace.id/myresults.aspx?uid=20572-66-2-122375
635,N05-0576,HARDHINI WIDIATI,00:52:37,NOTARIS,189,Female,296,00:00:05,00:13:06,00:37:44,00:52:32,,https://result.pickmyrace.id/myresults.aspx?uid=20572-66-2-121591
636,N05-0762,VIDI ANDITO,00:52:37,NOTARIS,133,Male,340,00:00:01,00:13:46,00:37:56,00:52:36,,https://result.pickmyrace.id/myresults.aspx?uid=20572-66-2-121777
637,N05-0765,LENNY NOVITA SARI,00:52:38,NOTARIS,190,Female,297,00:05:00,00:12:24,00:34:10,00:47:37,,https://result.pickmyrace.id/myresults.aspx?uid=20572-66-2-121780
638,NM05-021,HARTANTO,00:52:38,MASTER NOTARIS,12,Male,341,00:01:09,,00:36:21,00:51:29,,https://result.pickmyrace.id/myresults.aspx?uid=20572-66-2-121808
639,N05-0736,AGUSTIYAN EKO SETYANTO,00:52:41,NOTARIS,134,Male,342,00:08:05,00:12:22,00:32:55,00:44:36,,https://result.pickmyrace.id/myresults.aspx?uid=20572-66-2-121751
640,N05-0256,ALIFA,00:52:41,NOTARIS,191,Female,298,00:01:07,00:14:14,00:37:43,00:51:34,,https://result.pickmyrace.id/myresults.aspx?uid=20572-66-2-121271
641,05-0042,NAUFAL RAFFI PURWOKO,00:52:41,UMUM,180,Male,343,00:01:15,00:14:37,00:38:41,00:51:26,,https://result.pickmyrace.id/myresults.aspx?uid=20572-66-2-121987
642,N05-0400,"NAUVAL RAJA HAMNAN, S.H., M.KN.",00:52:42,NOTARIS,135,Male,344,00:00:00,,00:38:20,00:52:42,,https://result.pickmyrace.id/myresults.aspx?uid=20572-66-2-121415
643,N05-0450,RANA DEWANTY JUSUF,00:52:44,NOTARIS,192,Female,299,00:00:44,00:13:29,00:37:43,00:52:00,,https://result.pickmyrace.id/myresults.aspx?uid=20572-66-2-121465
644,05-0213,ANDRE DWI PUTRA,00:52:46,UMUM,181,Male,345,00:00:45,00:13:28,00:37:42,00:52:00,,https://result.pickmyrace.id/myresults.aspx?uid=20572-66-2-122158
645,NM05-089,RADEN SUKOCO,00:52:47,MASTER NOTARIS,13,Male,346,00:00:01,00:13:45,00:38:35,00:52:46,,https://result.pickmyrace.id/myresults.aspx?uid=20572-66-2-121876
646,05-0380,RINI SUSILAWATI,00:52:51,UMUM,75,Female,300,00:00:45,00:14:39,00:38:22,00:52:06,,https://result.pickmyrace.id/myresults.aspx?uid=20572-66-2-122325
647,N05-0059,YOSHUA,00:52:51,NOTARIS,136,Male,347,00:00:02,00:13:34,00:38:45,00:52:49,,https://result.pickmyrace.id/myresults.aspx?uid=20572-66-2-121074
648,N05-0071,"MEGA FELLISIA, S.H., M.KN.",00:52:58,NOTARIS,193,Female,301,00:00:12,00:13:27,00:38:30,00:52:45,,https://result.pickmyrace.id/myresults.aspx?uid=20572-66-2-121086
649,05-0184,DOSMAWARNI INDAH GULTOM,00:53:02,UMUM,76,Female,302,00:01:16,00:14:34,00:37:25,00:51:46,,https://result.pickmyrace.id/myresults.aspx?uid=20572-66-2-122129
650,N05-0431,BONI FRANSIUS SITORUS,00:53:02,NOTARIS,137,Male,348,00:01:14,,00:37:29,00:51:47,,https://result.pickmyrace.id/myresults.aspx?uid=20572-66-2-121446
651,05-0013,PUTRI KENCANA SURYA A,00:53:02,UMUM,77,Female,303,00:00:31,00:15:03,00:38:59,00:52:31,,https://result.pickmyrace.id/myresults.aspx?uid=20572-66-2-121958
652,N05-0055,"MUSTAFA, S.H., M.KN.",00:53:03,NOTARIS,138,Male,349,00:01:17,,00:34:25,00:51:45,,https://result.pickmyrace.id/myresults.aspx?uid=20572-66-2-121070
653,05-0020,ASTI SINTAULI SIAGIAN,00:53:03,UMUM,78,Female,304,00:00:34,00:14:59,00:38:53,00:52:29,,https://result.pickmyrace.id/myresults.aspx?uid=20572-66-2-121965
654,N05-0011,"LORA PURNAMA MAULANI, S.H., M.KN.",00:53:03,NOTARIS,194,Female,305,00:01:12,00:12:15,00:34:27,00:51:51,,https://result.pickmyrace.id/myresults.aspx?uid=20572-66-2-121026
655,05-0546,UMAR SUMARNO,00:53:05,UMUM,182,Male,350,00:00:00,,00:33:01,00:53:05,,https://result.pickmyrace.id/myresults.aspx?uid=20572-66-2-122491
656,N05-0109,"WIDYA ANUGRAH SAPUTRI, S.H., M.KN",00:53:05,NOTARIS,195,Female,306,00:00:22,00:12:38,00:36:40,00:52:43,,https://result.pickmyrace.id/myresults.aspx?uid=20572-66-2-121124
657,05-0259,NUR FITRI ANGGRAENI,00:53:06,UMUM,79,Female,307,00:01:19,00:14:19,00:38:08,00:51:47,,https://result.pickmyrace.id/myresults.aspx?uid=20572-66-2-122204
658,N05-0104,"BELLA GIZKA AMALIA R. S.H.,M.KN.",00:53:06,NOTARIS,196,Female,308,00:00:33,00:13:17,00:37:58,00:52:33,,https://result.pickmyrace.id/myresults.aspx?uid=20572-66-2-121119
659,05-0503,M. YAYAN HARYANTO,00:53:07,UMUM,183,Male,351,00:00:00,,00:33:08,00:53:07,,https://result.pickmyrace.id/myresults.aspx?uid=20572-66-2-122448
660,05-0530,YANI MULYANI,00:53:10,UMUM,80,Female,309,00:01:09,00:14:11,00:37:44,00:52:00,,https://result.pickmyrace.id/myresults.aspx?uid=20572-66-2-122475
661,N05-0659,FAUZIAH BADRIYANI,00:53:10,NOTARIS,197,Female,310,00:00:29,00:14:17,00:38:32,00:52:40,,https://result.pickmyrace.id/myresults.aspx?uid=20572-66-2-121674
662,05-0255,ARIS RACHMAT,00:53:10,UMUM,184,Male,352,00:00:22,00:15:31,00:38:57,00:52:47,,https://result.pickmyrace.id/myresults.aspx?uid=20572-66-2-122200
663,M05-071,CHAERUNISA RIKA,00:53:11,MASTER UMUM,15,Female,311,00:00:16,00:15:01,00:38:57,00:52:54,,https://result.pickmyrace.id/myresults.aspx?uid=20572-66-2-122925
664,N05-0046,IMELDA CHRISTIE MANURUNG,00:53:12,NOTARIS,198,Female,312,00:00:32,00:14:02,00:38:28,00:52:39,,https://result.pickmyrace.id/myresults.aspx?uid=20572-66-2-121061
665,N05-0025,ANINDYA ZAHRA SRISENA,00:53:12,NOTARIS,199,Female,313,00:00:32,00:14:04,00:38:33,00:52:40,,https://result.pickmyrace.id/myresults.aspx?uid=20572-66-2-121040
666,05-0314,MUBAROK AMRI,00:53:13,UMUM,185,Male,353,00:03:03,,00:39:56,00:50:10,,https://result.pickmyrace.id/myresults.aspx?uid=20572-66-2-122259
667,05-0283,KALIH KRISNAREINDRA,00:53:13,UMUM,186,Male,354,00:01:48,00:15:03,00:38:01,00:51:24,,https://result.pickmyrace.id/myresults.aspx?uid=20572-66-2-122228
668,N05-0546,AULIANA ELLSYA,00:53:14,NOTARIS,200,Female,314,00:01:49,00:15:02,00:37:54,00:51:25,,https://result.pickmyrace.id/myresults.aspx?uid=20572-66-2-121561
669,N05-0747,GITA AYU THAHARAH,00:53:14,NOTARIS,201,Female,315,00:00:06,00:13:35,00:39:13,00:53:07,,https://result.pickmyrace.id/myresults.aspx?uid=20572-66-2-121762
670,05-0292,MUHAMMAD FIRDAUS ALAMSYAH,00:53:14,UMUM,187,Male,355,00:01:38,00:15:17,00:38:36,00:51:36,,https://result.pickmyrace.id/myresults.aspx?uid=20572-66-2-122237
671,05-0044,NAURA KHOIRUNNIMAH PUTRI PURWOKO,00:53:15,UMUM,81,Female,316,00:01:14,00:14:48,00:39:56,00:52:00,,https://result.pickmyrace.id/myresults.aspx?uid=20572-66-2-121989
672,05-0548,DENNI PERMANA PUTRA,00:53:16,UMUM,188,Male,356,00:00:22,00:14:31,00:39:40,00:52:53,,https://result.pickmyrace.id/myresults.aspx?uid=20572-66-2-122493
673,N05-0385,"TIARA FEBRY RACHMAWATI, S.H., M.KN.",00:53:18,NOTARIS,202,Female,317,00:01:11,00:14:31,00:38:29,00:52:06,,https://result.pickmyrace.id/myresults.aspx?uid=20572-66-2-121400
674,05-0428,MOHAMMAD SYAHRIR PUSADAN,00:53:24,UMUM,189,Male,357,00:00:24,00:14:33,00:39:40,00:52:59,,https://result.pickmyrace.id/myresults.aspx?uid=20572-66-2-122373
675,N05-0664,"ELIZABETH SILVYANA, S.H., M.KN.",00:53:28,NOTARIS,203,Female,318,00:05:10,,00:36:06,00:48:17,,https://result.pickmyrace.id/myresults.aspx?uid=20572-66-2-121679
676,N05-0182,VENTINES,00:53:28,NOTARIS,204,Female,319,00:05:08,,00:36:15,00:48:20,,https://result.pickmyrace.id/myresults.aspx?uid=20572-66-2-121197
677,N05-0222,PUTRI MAYANG SARI,00:53:32,NOTARIS,205,Female,320,00:00:57,00:14:46,00:38:27,00:52:35,,https://result.pickmyrace.id/myresults.aspx?uid=20572-66-2-121237
678,NM05-015,"DR.SETIJATI SEKARASIH, SH, MKN",00:53:33,MASTER NOTARIS,20,Female,321,00:00:10,00:14:52,00:39:23,00:53:22,,https://result.pickmyrace.id/myresults.aspx?uid=20572-66-2-121802
679,05-0354,FEBRI SALAZHAR,00:53:33,UMUM,190,Male,358,00:05:14,,00:35:11,00:48:18,,https://result.pickmyrace.id/myresults.aspx?uid=20572-66-2-122299
680,05-0376,NURUL TIARA,00:53:35,UMUM,82,Female,322,00:00:00,,00:39:34,00:53:35,,https://result.pickmyrace.id/myresults.aspx?uid=20572-66-2-122321
681,05-0227,BUDI WIDARTO,00:53:37,UMUM,191,Male,359,00:00:13,00:14:25,00:39:38,00:53:24,,https://result.pickmyrace.id/myresults.aspx?uid=20572-66-2-122172
682,05-0321,DETI KURNIA,00:53:39,UMUM,83,Female,323,00:00:30,00:15:07,00:39:31,00:53:08,,https://result.pickmyrace.id/myresults.aspx?uid=20572-66-2-122266
683,05-0323,CAHYADI RAMDHAN,00:53:40,UMUM,192,Male,360,00:00:30,00:15:09,00:39:36,00:53:09,,https://result.pickmyrace.id/myresults.aspx?uid=20572-66-2-122268
684,NM05-053,NGAPIN NGATIRAN,00:53:41,MASTER NOTARIS,14,Male,361,00:00:21,00:15:04,00:38:57,00:53:20,,https://result.pickmyrace.id/myresults.aspx?uid=20572-66-2-121840
685,NM05-088,SHINTA DEWI,00:53:42,MASTER NOTARIS,21,Female,324,00:00:02,00:14:03,00:38:24,00:53:40,,https://result.pickmyrace.id/myresults.aspx?uid=20572-66-2-121875
686,N05-0520,"CECILYA REGNAWATY NAIBAHO, S.H., M.KN.",00:53:43,NOTARIS,206,Female,325,00:01:18,00:14:23,00:37:36,00:52:25,,https://result.pickmyrace.id/myresults.aspx?uid=20572-66-2-121535
687,05-0002,MUHAMAD TANTO MULYANA,00:53:44,UMUM,193,Male,362,00:00:14,00:11:39,00:38:57,00:53:29,,https://result.pickmyrace.id/myresults.aspx?uid=20572-66-2-121947
688,N05-0007,NUR ASRIATY SOLICHAH,00:53:44,NOTARIS,207,Female,326,00:00:08,00:11:33,00:38:59,00:53:35,,https://result.pickmyrace.id/myresults.aspx?uid=20572-66-2-121022
689,05-0566,GAMAL ABDUL NASSER,00:53:45,UMUM,194,Male,363,00:05:03,00:13:20,00:36:28,00:48:42,,https://result.pickmyrace.id/myresults.aspx?uid=20572-66-2-122511
690,N05-0227,ARIFAH HESTI WULANDARI,00:53:48,NOTARIS,208,Female,327,00:00:53,00:14:54,00:38:26,00:52:55,,https://result.pickmyrace.id/myresults.aspx?uid=20572-66-2-121242
691,N05-0320,BARIQ FAJAR MUSAID,00:53:50,NOTARIS,139,Male,364,00:01:22,,00:38:31,00:52:27,,https://result.pickmyrace.id/myresults.aspx?uid=20572-66-2-121335
692,N05-0612,NAFILAH ASSRI MAHARANI,00:53:51,NOTARIS,209,Female,328,00:01:09,00:14:31,00:39:14,00:52:42,,https://result.pickmyrace.id/myresults.aspx?uid=20572-66-2-121627
693,05-0568,ANNISA RAHMAN TABRANI PUTRI,00:53:51,UMUM,84,Female,329,00:05:04,00:13:20,00:36:32,00:48:47,,https://result.pickmyrace.id/myresults.aspx?uid=20572-66-2-122513
694,N05-0138,NURUL AZIZAH,00:53:52,NOTARIS,210,Female,330,00:00:22,00:14:47,00:39:14,00:53:29,,https://result.pickmyrace.id/myresults.aspx?uid=20572-66-2-121153
695,05-0447,DEVI,00:53:52,UMUM,85,Female,331,00:01:26,00:14:05,00:38:23,00:52:26,,https://result.pickmyrace.id/myresults.aspx?uid=20572-66-2-122392
696,05-0442,TIARA PUTRI BASYIRA,00:53:55,UMUM,195,Male,365,00:00:43,00:15:02,00:38:55,00:53:11,,https://result.pickmyrace.id/myresults.aspx?uid=20572-66-2-122387
697,NM05-012,YULITA,00:54:00,MASTER NOTARIS,22,Female,332,00:08:03,00:25:01,,00:45:57,,https://result.pickmyrace.id/myresults.aspx?uid=20572-66-2-121799
698,05-0091,NANDIH NURSAMSI,00:54:01,UMUM,196,Male,366,00:08:03,00:25:02,,00:45:57,,https://result.pickmyrace.id/myresults.aspx?uid=20572-66-2-122036
699,N05-0741,"VIRGIN VENLIN SARAPI, S.H., M.KN",00:54:06,NOTARIS,211,Female,333,00:04:58,00:11:22,00:34:47,00:49:07,,https://result.pickmyrace.id/myresults.aspx?uid=20572-66-2-121756
700,N05-0601,MICHAEL ANGEL RUNTULALO,00:54:08,NOTARIS,140,Male,367,00:05:06,00:11:16,00:34:40,00:49:01,,https://result.pickmyrace.id/myresults.aspx?uid=20572-66-2-121616
701,05-0152,HENRI JULIAN PAINDO,00:54:08,UMUM,197,Male,368,00:01:20,00:16:13,00:39:58,00:52:47,,https://result.pickmyrace.id/myresults.aspx?uid=20572-66-2-122097
702,N05-0090,ANAK AGUNG AYU WINA PUTRI MAYUNI,00:54:11,NOTARIS,212,Female,334,00:00:05,00:13:44,00:38:48,00:54:06,,https://result.pickmyrace.id/myresults.aspx?uid=20572-66-2-121105
703,N05-0636,"RADEN YUSTI PLASENTA SETIAWATI, SH., M.KN",00:54:11,NOTARIS,213,Female,335,00:00:45,00:14:20,00:38:54,00:53:26,,https://result.pickmyrace.id/myresults.aspx?uid=20572-66-2-121651
704,05-0043,PRAMUKYA DANAHISWARA,00:54:13,UMUM,198,Male,369,00:02:08,00:15:28,00:38:13,00:52:04,,https://result.pickmyrace.id/myresults.aspx?uid=20572-66-2-121988
705,N05-0422,ENRICO NORRISPATI,00:54:13,NOTARIS,141,Male,370,00:01:19,00:14:56,00:38:29,00:52:54,,https://result.pickmyrace.id/myresults.aspx?uid=20572-66-2-121437
706,N05-0287,"MOHHAMAD KHEMAL PASYA, S.H., M.KN",00:54:16,NOTARIS,142,Male,371,00:02:18,00:15:19,,00:51:58,,https://result.pickmyrace.id/myresults.aspx?uid=20572-66-2-121302
707,N05-0435,"YAYANG ABDUL BASIT S.H.,M.KN",00:54:19,NOTARIS,143,Male,372,00:00:49,00:19:16,00:39:44,00:53:30,,https://result.pickmyrace.id/myresults.aspx?uid=20572-66-2-121450
708,N05-0014,"FAHMI ILYAS FATAH, S.H., M.KN.",00:54:20,NOTARIS,144,Male,373,00:00:49,00:19:15,00:39:46,00:53:31,,https://result.pickmyrace.id/myresults.aspx?uid=20572-66-2-121029
709,N05-0532,NOVITA PUSPITARINI,00:54:23,NOTARIS,214,Female,336,00:03:06,00:13:31,00:37:07,00:51:16,,https://result.pickmyrace.id/myresults.aspx?uid=20572-66-2-121547
710,N05-0225,RUBBY ADITYA PANGLIMA,00:54:24,NOTARIS,215,Female,337,00:01:22,00:15:46,00:38:52,00:53:01,,https://result.pickmyrace.id/myresults.aspx?uid=20572-66-2-121240
711,N05-0719,MUHAMAD ARIF,00:54:24,NOTARIS,145,Male,374,00:00:33,00:14:59,00:38:28,00:53:51,,https://result.pickmyrace.id/myresults.aspx?uid=20572-66-2-121734
712,N05-0066,"PANCA PUTRA SETIAWAN NAINGGOLAN, S.H., M.KN.",00:54:25,NOTARIS,146,Male,375,00:00:43,00:15:26,00:40:08,00:53:41,,https://result.pickmyrace.id/myresults.aspx?uid=20572-66-2-121081
713,05-0538,MOCHAMAD TAUFIK,00:54:29,UMUM,199,Male,376,00:00:19,,00:40:20,00:54:09,,https://result.pickmyrace.id/myresults.aspx?uid=20572-66-2-122483
714,05-0266,VIKA LASARI,00:54:32,UMUM,86,Female,338,00:00:47,,00:39:06,00:53:44,,https://result.pickmyrace.id/myresults.aspx?uid=20572-66-2-122211
715,05-0375,ANDREAS GUNADI HADIWIJAYA,00:54:32,UMUM,200,Male,377,00:00:37,00:15:06,00:39:05,00:53:55,,https://result.pickmyrace.id/myresults.aspx?uid=20572-66-2-122320
716,05-0381,JANCE,00:54:33,UMUM,87,Female,339,00:00:35,00:15:04,00:39:12,00:53:58,,https://result.pickmyrace.id/myresults.aspx?uid=20572-66-2-122326
717,05-0075,GRESIA MIFTAHUL JANAH,00:54:33,UMUM,88,Female,340,00:00:15,00:15:37,00:42:18,00:54:17,,https://result.pickmyrace.id/myresults.aspx?uid=20572-66-2-122020
718,05-0434,ZALFA AMIEERA ADAM,00:54:33,UMUM,89,Female,341,00:00:15,00:14:14,00:39:30,00:54:18,,https://result.pickmyrace.id/myresults.aspx?uid=20572-66-2-122379
719,05-0580,AMANDA JELITA WIJAYA,00:54:33,UMUM,90,Female,342,00:01:04,00:15:27,00:39:35,00:53:29,,https://result.pickmyrace.id/myresults.aspx?uid=20572-66-2-122525
720,05-0282,SYEFIRA SALSABILLA,00:54:34,UMUM,91,Female,343,00:00:09,00:15:42,00:42:26,00:54:24,,https://result.pickmyrace.id/myresults.aspx?uid=20572-66-2-122227
721,N05-0471,"CHAIRUNNISA, S.H., M.KN",00:54:35,NOTARIS,216,Female,344,00:00:06,00:14:24,00:40:09,00:54:28,,https://result.pickmyrace.id/myresults.aspx?uid=20572-66-2-121486
722,05-0077,ASTRID ENDAH PRATIWI,00:54:35,UMUM,92,Female,345,00:00:26,00:14:44,00:39:41,00:54:08,,https://result.pickmyrace.id/myresults.aspx?uid=20572-66-2-122022
723,N05-0217,"IAN TRIANI, S.H., M.KN.",00:54:35,NOTARIS,217,Female,346,00:00:15,00:14:17,00:39:34,00:54:20,,https://result.pickmyrace.id/myresults.aspx?uid=20572-66-2-121232
724,N05-0305,"JUVENTIA AURELLIA, S.H., M.KN.",00:54:36,NOTARIS,218,Female,347,00:02:53,00:14:49,00:38:07,00:51:43,,https://result.pickmyrace.id/myresults.aspx?uid=20572-66-2-121320
725,N05-0243,"AGUSTINA, S.H.,M.KN",00:54:37,NOTARIS,219,Female,348,00:02:52,00:14:52,00:38:03,00:51:45,,https://result.pickmyrace.id/myresults.aspx?uid=20572-66-2-121258
726,05-0171,RANI AULIA,00:54:38,UMUM,93,Female,349,00:00:10,00:14:01,00:39:39,00:54:27,,https://result.pickmyrace.id/myresults.aspx?uid=20572-66-2-122116
727,N05-0333,"BENEDICTA SHINTYA MANURUNG, S.H., M.KN",00:54:39,NOTARIS,220,Female,350,00:00:40,00:15:28,00:39:19,00:53:59,,https://result.pickmyrace.id/myresults.aspx?uid=20572-66-2-121348
728,05-0576,FIKRI ZULFIKAR ATHIANSYAH,00:54:39,UMUM,201,Male,378,00:01:51,00:13:42,00:39:13,00:52:48,,https://result.pickmyrace.id/myresults.aspx?uid=20572-66-2-122521
729,05-0393,CHRISPO MUAL NATIO SIMANJUNTAK,00:54:39,UMUM,202,Male,379,00:00:41,,00:39:17,00:53:58,,https://result.pickmyrace.id/myresults.aspx?uid=20572-66-2-122338
730,05-0022,RESI ARISMAN,00:54:42,UMUM,203,Male,380,00:01:01,00:13:49,00:38:29,00:53:40,,https://result.pickmyrace.id/myresults.aspx?uid=20572-66-2-121967
731,N05-0319,STEFANUS DAVID ARDIYANTO,00:54:42,NOTARIS,147,Male,381,00:00:20,00:14:24,00:39:54,00:54:22,,https://result.pickmyrace.id/myresults.aspx?uid=20572-66-2-121334
732,NM05-006,DIAH SUKMA PERMATA RIANI.S.H,00:54:43,MASTER NOTARIS,23,Female,351,00:01:00,00:13:50,00:38:41,00:53:42,,https://result.pickmyrace.id/myresults.aspx?uid=20572-66-2-121793
733,NM05-037,FULLY HANDAYANI RIDWAN,00:54:43,MASTER NOTARIS,24,Female,352,00:00:07,00:14:56,00:40:10,00:54:35,,https://result.pickmyrace.id/myresults.aspx?uid=20572-66-2-121824
734,N05-0593,ALZENA BERNADINE,00:54:44,NOTARIS,221,Female,353,00:00:07,,00:40:12,00:54:36,,https://result.pickmyrace.id/myresults.aspx?uid=20572-66-2-121608
735,N05-0019,RIZKA NOVILAWATI,00:54:45,NOTARIS,222,Female,354,00:00:19,00:15:27,00:39:33,00:54:26,,https://result.pickmyrace.id/myresults.aspx?uid=20572-66-2-121034
736,05-0510,HILDA NURLISA,00:54:46,UMUM,94,Female,355,00:00:00,,,00:54:46,,https://result.pickmyrace.id/myresults.aspx?uid=20572-66-2-122455
737,05-0506,EUIS MAFTUHAH,00:54:47,UMUM,95,Female,356,00:00:00,,,00:54:47,,https://result.pickmyrace.id/myresults.aspx?uid=20572-66-2-122451
738,NM05-001,OPA BROW,00:54:50,MASTER NOTARIS,15,Male,382,00:00:00,00:15:43,00:43:26,00:54:50,,https://result.pickmyrace.id/myresults.aspx?uid=20572-66-2-121788
739,M05-081,PRAMITA B. S.,00:54:50,MASTER UMUM,16,Female,357,00:00:08,00:14:35,00:39:34,00:54:42,,https://result.pickmyrace.id/myresults.aspx?uid=20572-66-2-122933
740,05-0234,ERICA DELFINIA,00:54:51,UMUM,96,Female,358,00:00:00,,00:43:12,00:54:51,,https://result.pickmyrace.id/myresults.aspx?uid=20572-66-2-122179
741,N05-0206,YOANES OETOMO PUTRA,00:54:51,NOTARIS,148,Male,383,00:01:25,00:16:11,00:42:03,00:53:26,,https://result.pickmyrace.id/myresults.aspx?uid=20572-66-2-121221
742,05-0300,LIENDRI ASRINING PURI,00:54:52,UMUM,97,Female,359,00:00:33,00:16:20,00:40:44,00:54:19,,https://result.pickmyrace.id/myresults.aspx?uid=20572-66-2-122245
743,N05-0427,"RIZKI FITRI JAYANTI., SH., MKN",00:54:52,NOTARIS,223,Female,360,00:05:01,00:14:06,00:36:36,00:49:50,,https://result.pickmyrace.id/myresults.aspx?uid=20572-66-2-121442
744,05-0084,PRITA WAHYUNINGSIH,00:54:52,UMUM,98,Female,361,00:00:55,00:15:47,00:39:49,00:53:56,,https://result.pickmyrace.id/myresults.aspx?uid=20572-66-2-122029
745,N05-0229,"YULITA NINGSIH, S.H., M.KN.",00:54:52,NOTARIS,224,Female,362,00:00:55,00:15:19,00:39:48,00:53:57,,https://result.pickmyrace.id/myresults.aspx?uid=20572-66-2-121244
746,N05-0579,WENDI DARAIN,00:54:53,NOTARIS,149,Male,384,00:00:32,00:16:19,00:40:39,00:54:20,,https://result.pickmyrace.id/myresults.aspx?uid=20572-66-2-121594
747,05-0508,RODIAH,00:54:54,UMUM,99,Female,363,00:00:00,,,00:54:54,,https://result.pickmyrace.id/myresults.aspx?uid=20572-66-2-122453
748,05-0397,NAJWA QUSHOYYI SYAHRA,00:54:54,UMUM,100,Female,364,00:00:24,00:14:27,00:40:57,00:54:29,,https://result.pickmyrace.id/myresults.aspx?uid=20572-66-2-122342
749,05-0379,ALYA PUTI AURUMI,00:54:55,UMUM,101,Female,365,00:00:05,00:14:27,00:39:52,00:54:49,,https://result.pickmyrace.id/myresults.aspx?uid=20572-66-2-122324
750,05-0400,RR APRILIA AMANDA POETRY,00:54:56,UMUM,102,Female,366,00:00:18,00:15:05,00:40:58,00:54:38,,https://result.pickmyrace.id/myresults.aspx?uid=20572-66-2-122345
751,05-0418,HUMAIRO LUTHFIYAH,00:54:56,UMUM,103,Female,367,00:00:05,00:14:28,00:39:53,00:54:51,,https://result.pickmyrace.id/myresults.aspx?uid=20572-66-2-122363
752,NM05-017,SHINTAWATY MEIRINDRASARI,00:54:57,MASTER NOTARIS,25,Female,368,00:00:26,00:14:41,00:39:09,00:54:30,,https://result.pickmyrace.id/myresults.aspx?uid=20572-66-2-121804
753,N05-0676,AMALIA ARYANI,00:54:59,NOTARIS,225,Female,369,00:00:06,00:14:26,00:40:02,00:54:52,,https://result.pickmyrace.id/myresults.aspx?uid=20572-66-2-121691
754,N05-0318,RICCA ANINDYA PUTRI,00:54:59,NOTARIS,226,Female,370,00:00:06,00:14:20,00:40:02,00:54:52,,https://result.pickmyrace.id/myresults.aspx?uid=20572-66-2-121333
755,N05-0614,SALIS RIDHA,00:55:00,NOTARIS,150,Male,385,00:01:27,00:13:44,00:39:49,00:53:33,,https://result.pickmyrace.id/myresults.aspx?uid=20572-66-2-121629
756,N05-0701,"VALENCIA ISABELLA, S.H., M.KN.",00:55:02,NOTARIS,227,Female,371,00:00:57,00:23:21,00:44:09,00:54:05,,https://result.pickmyrace.id/myresults.aspx?uid=20572-66-2-121716
757,N05-0616,ABHYASA SHIDQI NUGROHO,00:55:04,NOTARIS,151,Male,386,00:00:00,00:29:24,00:45:15,00:55:04,,https://result.pickmyrace.id/myresults.aspx?uid=20572-66-2-121631
758,05-0138,RUTH CHRISDAMAYANTI SITOMPUL,00:55:04,UMUM,104,Female,372,00:00:13,00:19:00,00:41:27,00:54:51,,https://result.pickmyrace.id/myresults.aspx?uid=20572-66-2-122083
759,05-0378,AGUS SETIAWAN,00:55:05,UMUM,204,Male,387,00:08:09,00:12:08,,00:46:55,,https://result.pickmyrace.id/myresults.aspx?uid=20572-66-2-122323
760,05-0426,NUNUNG NURJANAH,00:55:06,UMUM,105,Female,373,00:00:37,00:15:16,00:38:47,00:54:28,,https://result.pickmyrace.id/myresults.aspx?uid=20572-66-2-122371
761,05-0079,ISRAELE EUAGGELION,00:55:06,UMUM,106,Female,374,00:05:03,,00:37:02,00:50:02,,https://result.pickmyrace.id/myresults.aspx?uid=20572-66-2-122024
762,N05-0238,"STEPHANIE ANGELA, S.H., M.KN",00:55:06,NOTARIS,228,Female,375,00:05:05,00:14:14,00:37:02,00:50:01,,https://result.pickmyrace.id/myresults.aspx?uid=20572-66-2-121253
763,N05-0075,INDAH FITRIANI SUDRAJAT,00:55:07,NOTARIS,229,Female,376,00:02:59,00:14:23,00:37:47,00:52:07,,https://result.pickmyrace.id/myresults.aspx?uid=20572-66-2-121090
764,05-0549,GABRIEL GAVRA ARDIONA,00:55:08,UMUM,205,Male,388,00:01:09,00:19:09,00:41:33,00:53:59,,https://result.pickmyrace.id/myresults.aspx?uid=20572-66-2-122494
765,N05-0266,ARIEF SAHATA,00:55:09,NOTARIS,152,Male,389,00:01:18,,00:40:23,00:53:50,,https://result.pickmyrace.id/myresults.aspx?uid=20572-66-2-121281
766,05-0471,NESSYA CHANDRA,00:55:10,UMUM,107,Female,377,00:00:09,00:14:30,00:39:28,00:55:01,,https://result.pickmyrace.id/myresults.aspx?uid=20572-66-2-122416
767,N05-0404,"PERIASMAN EFENDI, S.H., M.H.",00:55:14,NOTARIS,153,Male,390,00:00:04,,00:39:42,00:55:09,,https://result.pickmyrace.id/myresults.aspx?uid=20572-66-2-121419
768,N05-0001,SUSILAWATI,00:55:14,NOTARIS,230,Female,378,00:00:02,00:14:20,00:39:39,00:55:12,,https://result.pickmyrace.id/myresults.aspx?uid=20572-66-2-121016
769,N05-0116,"WULAN DAMAYANTI, S.H., M.KN.",00:55:15,NOTARIS,231,Female,379,00:00:20,00:13:22,00:38:47,00:54:54,,https://result.pickmyrace.id/myresults.aspx?uid=20572-66-2-121131
770,05-0309,SITI INDRIYANI,00:55:16,UMUM,108,Female,380,00:00:27,00:14:52,00:39:44,00:54:48,,https://result.pickmyrace.id/myresults.aspx?uid=20572-66-2-122254
771,N05-0310,SULTHAN RAFII SATRIA,00:55:19,NOTARIS,154,Male,391,00:05:05,00:14:40,00:37:29,00:50:14,,https://result.pickmyrace.id/myresults.aspx?uid=20572-66-2-121325
772,N05-0538,"JEREMIA LUKAS SAHAT PINONDANG, S.H, M.KN",00:55:21,NOTARIS,155,Male,392,00:00:00,00:17:28,00:41:44,00:55:21,,https://result.pickmyrace.id/myresults.aspx?uid=20572-66-2-121553
773,05-0041,DARONI IRIYANTI,00:55:25,UMUM,109,Female,381,00:01:14,00:14:48,00:39:52,00:54:11,,https://result.pickmyrace.id/myresults.aspx?uid=20572-66-2-121986
774,N05-0145,"VINCENTIUS JONATHAN WIHARJO, S.H., M.KN.",00:55:26,NOTARIS,156,Male,393,00:00:49,00:15:10,00:41:07,00:54:37,,https://result.pickmyrace.id/myresults.aspx?uid=20572-66-2-121160
775,N05-0289,NURJANI JALAL,00:55:28,NOTARIS,232,Female,382,00:00:00,,00:39:53,00:55:28,,https://result.pickmyrace.id/myresults.aspx?uid=20572-66-2-121304
776,05-0182,MARIA GORETTI,00:55:29,UMUM,110,Female,383,00:00:49,00:15:08,00:41:08,00:54:39,,https://result.pickmyrace.id/myresults.aspx?uid=20572-66-2-122127
777,05-0194,AZIZAH FAWAADHILAH,00:55:31,UMUM,111,Female,384,00:00:45,00:15:13,00:40:08,00:54:46,,https://result.pickmyrace.id/myresults.aspx?uid=20572-66-2-122139
778,N05-0397,"NIMASGARI DHAEYU WILDAN SYAFIRA, S.H., M.H., M.KN.",00:55:32,NOTARIS,233,Female,385,00:00:11,00:14:27,00:40:14,00:55:21,,https://result.pickmyrace.id/myresults.aspx?uid=20572-66-2-121412
779,N05-0396,ZIDNA ILMA NAFIÆA,00:55:32,NOTARIS,234,Female,386,00:00:11,00:14:27,00:40:05,00:55:20,,https://result.pickmyrace.id/myresults.aspx?uid=20572-66-2-121411
780,N05-0351,NIDA NADILATUNNISA,00:55:32,NOTARIS,235,Female,387,00:00:12,00:14:28,00:40:09,00:55:20,,https://result.pickmyrace.id/myresults.aspx?uid=20572-66-2-121366
781,05-0352,WAHYU VERDANA,00:55:33,UMUM,206,Male,394,00:05:17,,00:36:51,00:50:15,,https://result.pickmyrace.id/myresults.aspx?uid=20572-66-2-122297
782,N05-0449,RIZQIARANTI SALSABILA,00:55:34,NOTARIS,236,Female,388,00:00:34,,00:40:01,00:54:59,,https://result.pickmyrace.id/myresults.aspx?uid=20572-66-2-121464
783,N05-0447,"SEKAR TANJUNG DEVANTI,S.H., M.H.",00:55:34,NOTARIS,237,Female,389,00:00:35,00:14:34,00:39:54,00:54:59,,https://result.pickmyrace.id/myresults.aspx?uid=20572-66-2-121462
784,M05-077,TUTI SUGIANTI,00:55:35,MASTER UMUM,17,Female,390,00:00:18,00:15:33,00:40:52,00:55:16,,https://result.pickmyrace.id/myresults.aspx?uid=20572-66-2-122931
785,N05-0260,"TERESA CINDY KUSUMA, S.H., M.KN",00:55:38,NOTARIS,238,Female,391,00:01:11,00:14:23,00:38:17,00:54:27,,https://result.pickmyrace.id/myresults.aspx?uid=20572-66-2-121275
786,N05-0096,UTARI SILMI LATIFAH,00:55:41,NOTARIS,239,Female,392,00:01:14,00:15:56,00:40:13,00:54:26,,https://result.pickmyrace.id/myresults.aspx?uid=20572-66-2-121111
787,05-0120,MARIA JF KELLY,00:55:42,UMUM,112,Female,393,00:00:17,00:14:52,00:39:54,00:55:24,,https://result.pickmyrace.id/myresults.aspx?uid=20572-66-2-122065
788,05-0136,LILI,00:55:50,UMUM,207,Male,395,00:00:29,00:13:22,00:40:16,00:55:21,,https://result.pickmyrace.id/myresults.aspx?uid=20572-66-2-122081
789,N05-0554,MUHAMMAD ZUHDI FAKHRI,00:55:51,NOTARIS,157,Male,396,00:00:25,00:13:50,00:41:48,00:55:25,,https://result.pickmyrace.id/myresults.aspx?uid=20572-66-2-121569
790,05-0615,FARADINA,00:55:55,UMUM,113,Female,394,00:03:27,00:15:09,00:38:30,00:52:28,,https://result.pickmyrace.id/myresults.aspx?uid=20572-66-2-122560
791,05-0614,FAJRI,00:55:56,UMUM,208,Male,397,00:03:27,00:15:09,00:38:43,00:52:28,,https://result.pickmyrace.id/myresults.aspx?uid=20572-66-2-122559
792,05-0532,NADIA YUDIA PUTRI,00:55:57,UMUM,114,Female,395,00:00:00,00:15:13,00:40:57,00:55:57,,https://result.pickmyrace.id/myresults.aspx?uid=20572-66-2-122477
793,N05-0712,"PRIMA YUDDY FEBRIDA YENTI, S.H., M.KN",00:55:59,NOTARIS,240,Female,396,00:00:15,00:14:55,00:40:27,00:55:44,,https://result.pickmyrace.id/myresults.aspx?uid=20572-66-2-121727
794,N05-0346,FANNI AMARA PUTRI,00:55:59,NOTARIS,241,Female,397,00:03:08,00:16:42,00:40:05,00:52:50,,https://result.pickmyrace.id/myresults.aspx?uid=20572-66-2-121361
795,N05-0341,HUMAIRA DINDA PRATIWI,00:56:01,NOTARIS,242,Female,398,00:00:31,00:14:21,00:39:54,00:55:29,,https://result.pickmyrace.id/myresults.aspx?uid=20572-66-2-121356
796,05-0144,RINDRA SABRINANDA ARFI,00:56:01,UMUM,209,Male,398,00:00:27,00:14:28,00:39:58,00:55:33,,https://result.pickmyrace.id/myresults.aspx?uid=20572-66-2-122089
797,05-0365,AULIA RAHMAN UTOMO,00:56:02,UMUM,210,Male,399,00:08:10,00:12:48,00:34:41,00:47:51,,https://result.pickmyrace.id/myresults.aspx?uid=20572-66-2-122310
798,N05-0133,"SEPTIANA, S.H., M.KN",00:56:02,NOTARIS,243,Female,399,00:08:52,,,00:47:09,,https://result.pickmyrace.id/myresults.aspx?uid=20572-66-2-121148
799,N05-0252,NOVARISMA LISTIARINI PRASTOWO,00:56:02,NOTARIS,244,Female,400,00:00:23,00:14:57,00:39:54,00:55:39,,https://result.pickmyrace.id/myresults.aspx?uid=20572-66-2-121267
800,N05-0699,I PUTU ARYA PANDU SAKA RAI,00:56:03,NOTARIS,158,Male,400,00:00:50,00:15:07,00:41:06,00:55:13,,https://result.pickmyrace.id/myresults.aspx?uid=20572-66-2-121714
801,N05-0239,"SRI WAHYUNINGSIH, S.H.,M.KN.",00:56:04,NOTARIS,245,Female,401,00:00:14,00:15:50,00:40:59,00:55:49,,https://result.pickmyrace.id/myresults.aspx?uid=20572-66-2-121254
802,N05-0423,"ROBBY BAGUS INDRAWAN, S.H., M.H.",00:56:07,NOTARIS,159,Male,401,00:03:08,00:12:58,00:36:15,00:52:58,,https://result.pickmyrace.id/myresults.aspx?uid=20572-66-2-121438
803,N05-0465,ADEK BAGUS KRISTANTO,00:56:07,NOTARIS,160,Male,402,00:03:04,00:11:26,00:33:46,00:53:03,,https://result.pickmyrace.id/myresults.aspx?uid=20572-66-2-121480
804,N05-0156,"RAHMA DONA, S.H., M.KN",00:56:08,NOTARIS,246,Female,402,00:00:18,,00:41:06,00:55:50,,https://result.pickmyrace.id/myresults.aspx?uid=20572-66-2-121171
805,N05-0646,SITI ANDJANI FRISCARINI,00:56:09,NOTARIS,247,Female,403,00:00:03,00:13:34,00:37:28,00:56:06,,https://result.pickmyrace.id/myresults.aspx?uid=20572-66-2-121661
806,17,IRMA,00:56:09,NOTARIS,248,Female,404,00:00:00,,,00:56:09,,https://result.pickmyrace.id/myresults.aspx?uid=20572-66-2-122968
807,NM05-060,DINI HAYATI,00:56:09,MASTER NOTARIS,26,Female,405,00:00:02,00:13:20,00:37:39,00:56:06,,https://result.pickmyrace.id/myresults.aspx?uid=20572-66-2-121847
808,27,DR. TITIN NURLAILA,00:56:09,NOTARIS,249,Female,406,00:00:00,,,00:56:09,,https://result.pickmyrace.id/myresults.aspx?uid=20572-66-2-122972
809,N05-0126,MUHAMMAD BENNY BASTIAN SINUNG,00:56:10,NOTARIS,161,Male,403,00:03:03,00:11:27,00:34:05,00:53:07,,https://result.pickmyrace.id/myresults.aspx?uid=20572-66-2-121141
810,05-0100,SEAN MICHAEL PHILIP,00:56:11,UMUM,211,Male,404,00:01:00,00:14:59,00:40:04,00:55:10,,https://result.pickmyrace.id/myresults.aspx?uid=20572-66-2-122045
811,N05-0280,FELICIA IVANA,00:56:11,NOTARIS,250,Female,407,00:01:01,00:15:10,00:40:13,00:55:10,,https://result.pickmyrace.id/myresults.aspx?uid=20572-66-2-121295
812,N05-0121,"SUSI ILIYANIK, S.H., M.KN",00:56:14,NOTARIS,251,Female,408,00:01:21,00:14:12,00:38:40,00:54:53,,https://result.pickmyrace.id/myresults.aspx?uid=20572-66-2-121136
813,N05-0119,ENA WIJI HASTUTI,00:56:16,NOTARIS,252,Female,409,00:01:20,00:14:12,00:38:40,00:54:55,,https://result.pickmyrace.id/myresults.aspx?uid=20572-66-2-121134
814,05-0163,KRISNA ADI WICAKSONO,00:56:17,UMUM,212,Male,405,00:00:37,00:16:15,00:41:12,00:55:40,,https://result.pickmyrace.id/myresults.aspx?uid=20572-66-2-122108
815,N05-0382,"DESIANA FAUZIAH YASMIN, S.H., M.KN.",00:56:17,NOTARIS,253,Female,410,00:00:37,00:16:15,00:41:08,00:55:40,,https://result.pickmyrace.id/myresults.aspx?uid=20572-66-2-121397
816,NM05-087,MIA RIZKASARI,00:56:21,MASTER NOTARIS,27,Female,411,00:00:45,00:15:10,00:40:00,00:55:35,,https://result.pickmyrace.id/myresults.aspx?uid=20572-66-2-121874
817,N05-0753,DWI KUSUMO WARDHANI,00:56:22,NOTARIS,254,Female,412,00:00:46,00:15:09,00:40:05,00:55:35,,https://result.pickmyrace.id/myresults.aspx?uid=20572-66-2-121768
818,N05-0652,"ANDRIAN HELMI SUBROTO, S.H., M.KN.",00:56:24,NOTARIS,162,Male,406,00:01:35,00:15:22,00:40:56,00:54:48,,https://result.pickmyrace.id/myresults.aspx?uid=20572-66-2-121667
819,N05-0673,DIAS AJIE WISAKSONO,00:56:24,NOTARIS,163,Male,407,00:00:53,00:16:04,00:41:28,00:55:30,,https://result.pickmyrace.id/myresults.aspx?uid=20572-66-2-121688
820,05-0215,NURHASANAH,00:56:25,UMUM,115,Female,413,00:00:09,00:15:43,00:42:08,00:56:15,,https://result.pickmyrace.id/myresults.aspx?uid=20572-66-2-122160
821,05-0474,YULIANTI MAULIDYA,00:56:27,UMUM,116,Female,414,00:00:52,00:15:22,00:40:48,00:55:35,,https://result.pickmyrace.id/myresults.aspx?uid=20572-66-2-122419
822,N05-0658,"CLARA VENESIA INMA, S.H., M.KN",00:56:30,NOTARIS,255,Female,415,00:05:10,00:14:01,00:36:50,00:51:19,,https://result.pickmyrace.id/myresults.aspx?uid=20572-66-2-121673
823,N05-0345,STEVANUS JULIO,00:56:31,NOTARIS,164,Male,408,00:06:06,00:13:46,00:36:30,00:50:25,,https://result.pickmyrace.id/myresults.aspx?uid=20572-66-2-121360
824,05-0385,SHERLITA,00:56:32,UMUM,117,Female,416,00:03:03,00:13:57,00:39:47,00:53:29,,https://result.pickmyrace.id/myresults.aspx?uid=20572-66-2-122330
825,05-0643,HENDRA JAFARUDIN,00:56:33,UMUM,213,Male,409,00:02:36,00:12:59,00:38:31,00:53:57,,https://result.pickmyrace.id/myresults.aspx?uid=20572-66-2-122943
826,05-0297,ROFIQOH,00:56:34,UMUM,118,Female,417,00:04:57,00:14:08,00:38:16,00:51:36,,https://result.pickmyrace.id/myresults.aspx?uid=20572-66-2-122242
827,N05-0573,RUS UTARYONO,00:56:35,NOTARIS,165,Male,410,00:04:56,00:14:09,00:38:15,00:51:38,,https://result.pickmyrace.id/myresults.aspx?uid=20572-66-2-121588
828,05-0016,SEKAR JINGGA ARRUM PINASTI,00:56:41,UMUM,119,Female,418,00:00:30,00:17:04,00:40:56,00:56:10,,https://result.pickmyrace.id/myresults.aspx?uid=20572-66-2-121961
829,05-0059,DITTA ASTRINI WIJAYANTI,00:56:42,UMUM,120,Female,419,00:00:28,00:15:32,00:41:17,00:56:13,,https://result.pickmyrace.id/myresults.aspx?uid=20572-66-2-122004
830,05-0060,AILA DEWI ARIANTI PRAMESWARI,00:56:42,UMUM,121,Female,420,00:00:30,00:17:04,00:41:00,00:56:11,,https://result.pickmyrace.id/myresults.aspx?uid=20572-66-2-122005
831,05-0061,ANINDITA DEWI LARASATI,00:56:42,UMUM,122,Female,421,00:00:29,00:15:31,00:40:59,00:56:12,,https://result.pickmyrace.id/myresults.aspx?uid=20572-66-2-122006
832,N05-0668,"DR. GIDEON HALASAN NICOLANDO PANJAITAN, S.KED., S.",00:56:42,NOTARIS,166,Male,411,00:00:58,00:15:24,00:41:33,00:55:44,,https://result.pickmyrace.id/myresults.aspx?uid=20572-66-2-121683
833,05-0241,REZA EKKY ALFARIZA,00:56:43,UMUM,214,Male,412,00:00:41,00:14:32,00:41:44,00:56:01,,https://result.pickmyrace.id/myresults.aspx?uid=20572-66-2-122186
834,05-0031,SARI SEPTIANI,00:56:44,UMUM,123,Female,422,00:00:26,00:14:05,00:41:01,00:56:18,,https://result.pickmyrace.id/myresults.aspx?uid=20572-66-2-121976
835,05-0032,DEVI SAFITRI,00:56:44,UMUM,124,Female,423,00:00:25,00:14:06,00:41:04,00:56:18,,https://result.pickmyrace.id/myresults.aspx?uid=20572-66-2-121977
836,N05-0716,"RIZKI LIA PUTRI, SH, MKN",00:56:44,NOTARIS,256,Female,424,00:00:05,00:15:17,00:44:40,00:56:39,,https://result.pickmyrace.id/myresults.aspx?uid=20572-66-2-121731
837,05-0597,DIAN MARLIANI,00:56:45,UMUM,125,Female,425,00:00:14,00:17:05,00:42:40,00:56:30,,https://result.pickmyrace.id/myresults.aspx?uid=20572-66-2-122542
838,N05-0489,"SHOFIA CHAIRUNNISA, S.H., M.KN.",00:56:45,NOTARIS,257,Female,426,00:00:43,00:13:40,00:41:35,00:56:01,,https://result.pickmyrace.id/myresults.aspx?uid=20572-66-2-121504
839,N05-0720,MURTY SARI DEWI,00:56:47,NOTARIS,258,Female,427,00:00:16,00:15:33,00:41:48,00:56:31,,https://result.pickmyrace.id/myresults.aspx?uid=20572-66-2-121735
840,N05-0244,"NADIRA RATUNANDA WIRJONO, S.H., M.KN.",00:56:50,NOTARIS,259,Female,428,00:00:03,00:15:12,00:40:53,00:56:47,,https://result.pickmyrace.id/myresults.aspx?uid=20572-66-2-121259
841,05-0484,LINDA,00:56:50,UMUM,126,Female,429,00:00:52,00:22:18,00:43:28,00:55:58,,https://result.pickmyrace.id/myresults.aspx?uid=20572-66-2-122429
842,NM05-077,ASEP HERYANTO,00:56:52,MASTER NOTARIS,16,Male,413,00:01:21,00:15:22,00:40:39,00:55:30,,https://result.pickmyrace.id/myresults.aspx?uid=20572-66-2-121864
843,05-0197,MUHAMMAD DEDI SUKMA,00:56:53,UMUM,215,Male,414,00:00:59,00:17:07,00:42:29,00:55:53,,https://result.pickmyrace.id/myresults.aspx?uid=20572-66-2-122142
844,N05-0530,SHAHRANDY PRAKOSO HARTONO,00:56:54,NOTARIS,167,Male,415,00:00:59,00:14:54,00:41:08,00:55:54,,https://result.pickmyrace.id/myresults.aspx?uid=20572-66-2-121545
845,05-0645,KELVIN MARIO,00:56:55,UMUM,216,Male,416,00:03:15,,00:38:29,00:53:39,,https://result.pickmyrace.id/myresults.aspx?uid=20572-66-2-122945
846,05-0322,NENENG SILVIA,00:56:57,UMUM,127,Female,430,00:00:10,00:19:26,,00:56:47,,https://result.pickmyrace.id/myresults.aspx?uid=20572-66-2-122267
847,05-0193,DIRA JULINDA SWASTI,00:56:58,UMUM,128,Female,431,00:00:51,00:14:48,00:41:22,00:56:06,,https://result.pickmyrace.id/myresults.aspx?uid=20572-66-2-122138
848,05-0331,DEDE JUSRI MULYADI,00:56:58,UMUM,217,Male,417,00:00:18,00:19:16,,00:56:40,,https://result.pickmyrace.id/myresults.aspx?uid=20572-66-2-122276
849,05-0199,LOLITA SUSANTI,00:56:58,UMUM,129,Female,432,00:00:50,00:15:15,00:41:21,00:56:07,,https://result.pickmyrace.id/myresults.aspx?uid=20572-66-2-122144
850,05-0195,ADINDA PUTRI SAFARI,00:56:58,UMUM,130,Female,433,00:00:51,00:15:11,00:41:00,00:56:07,,https://result.pickmyrace.id/myresults.aspx?uid=20572-66-2-122140
851,N05-0534,PAMELLA AMELIA KARDINAL,00:56:59,NOTARIS,260,Female,434,00:00:00,,,00:56:59,,https://result.pickmyrace.id/myresults.aspx?uid=20572-66-2-121549
852,N05-0568,MICHELLE MARGARETHA WIJAYA,00:57:00,NOTARIS,261,Female,435,00:02:36,00:10:52,00:37:11,00:54:23,,https://result.pickmyrace.id/myresults.aspx?uid=20572-66-2-121583
853,05-0295,PHOA JEFRIE PERMANA,00:57:00,UMUM,218,Male,418,00:02:36,00:10:52,00:37:06,00:54:23,,https://result.pickmyrace.id/myresults.aspx?uid=20572-66-2-122240
854,05-0081,TEDDY KOMALA,00:57:03,UMUM,219,Male,419,00:00:38,00:14:41,00:40:21,00:56:24,,https://result.pickmyrace.id/myresults.aspx?uid=20572-66-2-122026
855,N05-0270,"RATU SHYFA NUR CHODIZA, S.H., M.KN",00:57:03,NOTARIS,262,Female,436,00:00:39,00:14:40,00:40:23,00:56:24,,https://result.pickmyrace.id/myresults.aspx?uid=20572-66-2-121285
856,05-0285,TITA FITRIA WAHYUNI,00:57:05,UMUM,131,Female,437,00:00:27,00:16:35,00:42:33,00:56:37,,https://result.pickmyrace.id/myresults.aspx?uid=20572-66-2-122230
857,N05-0434,"MAULANA FAJAR JULIANSYAH NUGRAHA, S.E., S.H., M.KN",00:57:05,NOTARIS,168,Male,420,00:00:10,00:15:59,00:41:30,00:56:55,,https://result.pickmyrace.id/myresults.aspx?uid=20572-66-2-121449
858,05-0552,DHIEN NOVANDA,00:57:06,UMUM,132,Female,438,00:00:43,00:16:34,00:41:25,00:56:22,,https://result.pickmyrace.id/myresults.aspx?uid=20572-66-2-122497
859,05-0089,SAREN SUDARMONO,00:57:07,UMUM,220,Male,421,00:01:04,00:15:44,00:39:31,00:56:02,,https://result.pickmyrace.id/myresults.aspx?uid=20572-66-2-122034
860,NM05-083,NOVIAR BETA AURENALDI,00:57:07,MASTER NOTARIS,17,Male,422,00:04:54,00:13:52,00:37:24,00:52:12,,https://result.pickmyrace.id/myresults.aspx?uid=20572-66-2-121870
861,05-0019,TITO ADI WIBOWO,00:57:09,UMUM,221,Male,423,00:01:04,00:16:54,00:39:34,00:56:04,,https://result.pickmyrace.id/myresults.aspx?uid=20572-66-2-121964
862,05-0493,MEIRNA PURWANTI,00:57:09,UMUM,133,Female,439,00:00:51,00:16:09,00:42:30,00:56:17,,https://result.pickmyrace.id/myresults.aspx?uid=20572-66-2-122438
863,M05-040,CAHYONO,00:57:12,MASTER UMUM,18,Male,424,00:00:00,,00:41:41,00:57:12,,https://result.pickmyrace.id/myresults.aspx?uid=20572-66-2-121917
864,N05-0597,"RIANA SURYANI,SH.,MKN.",00:57:12,NOTARIS,263,Female,440,00:05:21,00:13:47,00:38:17,00:51:50,,https://result.pickmyrace.id/myresults.aspx?uid=20572-66-2-121612
865,NM05-019,YUNITA PERMATASARI,00:57:13,MASTER NOTARIS,28,Female,441,00:11:46,,,00:45:27,,https://result.pickmyrace.id/myresults.aspx?uid=20572-66-2-121806
866,29,AGUNG GINANJAR,00:57:14,NOTARIS,169,Male,425,00:00:00,,,00:57:14,,https://result.pickmyrace.id/myresults.aspx?uid=20572-66-2-122974
867,05-0055,HABIL FACHRI NURSAMSI,00:57:15,UMUM,222,Male,426,00:08:02,,00:36:01,00:49:12,,https://result.pickmyrace.id/myresults.aspx?uid=20572-66-2-122000
868,7,WIDODO,00:57:15,NOTARIS,170,Male,427,00:00:00,,,00:57:15,,https://result.pickmyrace.id/myresults.aspx?uid=20572-66-2-122961
869,15,ANDI YULIA HERTATY,00:57:15,NOTARIS,264,Female,442,00:00:00,,,00:57:15,,https://result.pickmyrace.id/myresults.aspx?uid=20572-66-2-122967
870,N05-0084,ASTRID PUSPITA RAMADHANI,00:57:15,NOTARIS,265,Female,443,00:00:31,00:14:40,00:40:05,00:56:44,,https://result.pickmyrace.id/myresults.aspx?uid=20572-66-2-121099
871,35,ADHE MANAF N,00:57:16,NOTARIS,171,Male,428,00:10:35,,,00:46:41,,https://result.pickmyrace.id/myresults.aspx?uid=20572-66-2-122980
872,05-0122,FAUZIAH ALMIRA WIDJAJA,00:57:17,UMUM,134,Female,444,00:05:16,00:11:44,00:35:59,00:52:01,,https://result.pickmyrace.id/myresults.aspx?uid=20572-66-2-122067
873,05-0551,RAMADHAN GUSTI,00:57:18,UMUM,223,Male,429,00:02:55,00:14:20,00:39:13,00:54:22,,https://result.pickmyrace.id/myresults.aspx?uid=20572-66-2-122496
874,N05-0273,ADAM PRAMANA PUTRA,00:57:21,NOTARIS,172,Male,430,00:00:18,,00:43:19,00:57:03,,https://result.pickmyrace.id/myresults.aspx?uid=20572-66-2-121288
875,05-0095,KAUTSAR ADIYATSAH WIDJAJA,00:57:21,UMUM,224,Male,431,00:05:24,00:12:11,00:37:04,00:51:56,,https://result.pickmyrace.id/myresults.aspx?uid=20572-66-2-122040
876,N05-0276,FAZA NURUL MASYITA,00:57:21,NOTARIS,266,Female,445,00:00:26,00:19:49,00:43:07,00:56:55,,https://result.pickmyrace.id/myresults.aspx?uid=20572-66-2-121291
877,N05-0235,AYUDYA ADISTI DWINALASARI,00:57:23,NOTARIS,267,Female,446,00:01:09,00:14:57,00:40:34,00:56:13,,https://result.pickmyrace.id/myresults.aspx?uid=20572-66-2-121250
878,N05-0634,"EKKLESIA ROHANI HUTAJULU, S.H., M.KN",00:57:25,NOTARIS,268,Female,447,00:00:43,00:15:42,00:41:07,00:56:41,,https://result.pickmyrace.id/myresults.aspx?uid=20572-66-2-121649
879,N05-0070,"ADAM SETIAWAN,S.H.,M.KN.",00:57:28,NOTARIS,173,Male,432,00:01:04,,00:42:07,00:56:23,,https://result.pickmyrace.id/myresults.aspx?uid=20572-66-2-121085
880,N05-0692,"TIRTA ANDANI, S.H., M.KN",00:57:29,NOTARIS,269,Female,448,00:01:06,00:14:39,00:42:06,00:56:23,,https://result.pickmyrace.id/myresults.aspx?uid=20572-66-2-121707
881,05-0473,ALIF ALFAINI RAHMAN,00:57:30,UMUM,225,Male,433,00:00:00,00:19:33,00:43:08,00:57:30,,https://result.pickmyrace.id/myresults.aspx?uid=20572-66-2-122418
882,05-0047,KHALIDA GALUH FAUZIA,00:57:30,UMUM,135,Female,449,00:00:16,00:14:46,00:41:56,00:57:13,,https://result.pickmyrace.id/myresults.aspx?uid=20572-66-2-121992
883,05-0003,"FIKRI IMANDA FATURRAHMAN, S.H.",00:57:30,UMUM,226,Male,434,00:00:16,00:11:34,00:42:00,00:57:14,,https://result.pickmyrace.id/myresults.aspx?uid=20572-66-2-121948
884,N05-0053,NURYANI BUDI STIYOWATI,00:57:31,NOTARIS,270,Female,450,00:00:25,00:16:00,00:41:49,00:57:05,,https://result.pickmyrace.id/myresults.aspx?uid=20572-66-2-121068
885,05-0113,SYABINA OKTAVIANI PUTRI,00:57:31,UMUM,136,Female,451,00:01:03,00:17:08,00:42:03,00:56:28,,https://result.pickmyrace.id/myresults.aspx?uid=20572-66-2-122058
886,34,HILWA AULIA,00:57:32,NOTARIS,271,Female,452,00:00:00,,,00:57:32,,https://result.pickmyrace.id/myresults.aspx?uid=20572-66-2-122979
887,N05-0148,"HILDA LUKITO, S.H., M.KN.",00:57:32,NOTARIS,272,Female,453,00:01:10,00:14:32,00:40:05,00:56:21,,https://result.pickmyrace.id/myresults.aspx?uid=20572-66-2-121163
888,N05-0058,ALBI SHIFADA,00:57:33,NOTARIS,174,Male,435,00:00:55,00:14:52,00:39:43,00:56:37,,https://result.pickmyrace.id/myresults.aspx?uid=20572-66-2-121073
889,13,SUGITO,00:57:33,NOTARIS,175,Male,436,00:00:00,,,00:57:33,,https://result.pickmyrace.id/myresults.aspx?uid=20572-66-2-122965
890,05-0034,VOLANDA AZIS SALEH,00:57:33,UMUM,227,Male,437,00:02:10,00:15:20,00:40:34,00:55:23,,https://result.pickmyrace.id/myresults.aspx?uid=20572-66-2-121979
891,N05-0410,ELYA ALMADINATULMUNAWAROH,00:57:34,NOTARIS,273,Female,454,00:00:00,00:21:44,00:44:27,00:57:34,,https://result.pickmyrace.id/myresults.aspx?uid=20572-66-2-121425
892,N05-0523,"MIRA ASTRIANA, S.H.M.KN.",00:57:34,NOTARIS,274,Female,455,00:00:31,00:17:00,00:42:15,00:57:03,,https://result.pickmyrace.id/myresults.aspx?uid=20572-66-2-121538
893,N05-0350,"VERA TUA TOBING S.H.,M.HUM.,M.KN",00:57:36,NOTARIS,275,Female,456,00:01:21,00:16:12,00:41:57,00:56:15,,https://result.pickmyrace.id/myresults.aspx?uid=20572-66-2-121365
894,N05-0596,INDAH WIGUNA,00:57:41,NOTARIS,276,Female,457,00:05:24,00:13:48,00:38:20,00:52:17,,https://result.pickmyrace.id/myresults.aspx?uid=20572-66-2-121611
895,05-0074,TYAS N SALSABILA,00:57:45,UMUM,137,Female,458,00:03:18,,00:40:42,00:54:26,,https://result.pickmyrace.id/myresults.aspx?uid=20572-66-2-122019
896,05-0248,MUHAMMAD ZULPAKAR OMAR,00:57:46,UMUM,228,Male,438,00:00:22,00:16:23,00:42:08,00:57:23,,https://result.pickmyrace.id/myresults.aspx?uid=20572-66-2-122193
897,N05-0497,"REYNALDI JONATHAN GUNAWAN S.H.,M.KN",00:57:47,NOTARIS,176,Male,439,00:09:00,,,00:48:47,,https://result.pickmyrace.id/myresults.aspx?uid=20572-66-2-121512
898,N05-0455,"PERDANA MUTAGALAN, S.H., M.KN.",00:57:48,NOTARIS,177,Male,440,00:05:06,,00:38:52,00:52:41,,https://result.pickmyrace.id/myresults.aspx?uid=20572-66-2-121470
899,N05-0429,SITI ROBIATUL ADAWIYAH,00:57:48,NOTARIS,277,Female,459,00:00:00,,,00:57:48,,https://result.pickmyrace.id/myresults.aspx?uid=20572-66-2-121444
900,05-0274,MUHAMAD LUTFIYANTO,00:57:48,UMUM,229,Male,441,00:02:48,00:12:39,00:39:48,00:55:00,,https://result.pickmyrace.id/myresults.aspx?uid=20572-66-2-122219
901,05-0087,RAHMATULLOH,00:57:49,UMUM,230,Male,442,00:07:49,00:12:02,00:33:02,00:50:00,,https://result.pickmyrace.id/myresults.aspx?uid=20572-66-2-122032
902,N05-0755,"YEREMIA OBRIEN KAAWOAN S.H.,M.KN.",00:57:50,NOTARIS,178,Male,443,00:07:45,,00:33:17,00:50:04,,https://result.pickmyrace.id/myresults.aspx?uid=20572-66-2-121770
903,NM05-036,HJ. MARCE KRISNA,00:57:52,MASTER NOTARIS,29,Female,460,00:00:01,00:15:43,00:43:39,00:57:51,,https://result.pickmyrace.id/myresults.aspx?uid=20572-66-2-121823
904,N05-0669,"ALIA WEDYANINGRUM, S.H., M.KN.",00:57:52,NOTARIS,278,Female,461,00:00:01,00:15:42,00:43:35,00:57:51,,https://result.pickmyrace.id/myresults.aspx?uid=20572-66-2-121684
905,05-0345,DAFINANDA RAMADHANI,00:57:52,UMUM,231,Male,444,00:02:11,00:13:45,00:39:49,00:55:41,,https://result.pickmyrace.id/myresults.aspx?uid=20572-66-2-122290
906,05-0446,REFQY WARIS,00:57:53,UMUM,232,Male,445,00:02:12,00:13:44,00:39:49,00:55:41,,https://result.pickmyrace.id/myresults.aspx?uid=20572-66-2-122391
907,N05-0547,"AZZAHRA KAMILIYA KHAIRUNNISA, S.H., M.KN.",00:57:55,NOTARIS,279,Female,462,00:00:49,00:15:31,00:41:14,00:57:06,,https://result.pickmyrace.id/myresults.aspx?uid=20572-66-2-121562
908,N05-0631,ARSANTI SYASITA NURNINGTIAS,00:57:57,NOTARIS,280,Female,463,00:00:08,00:14:45,00:41:28,00:57:48,,https://result.pickmyrace.id/myresults.aspx?uid=20572-66-2-121646
909,N05-0401,IQBAL SANNUSI,00:58:06,NOTARIS,179,Male,446,00:09:36,,,00:48:30,,https://result.pickmyrace.id/myresults.aspx?uid=20572-66-2-121416
910,05-0556,FADHLAN PERMANA AJI,00:58:07,UMUM,233,Male,447,00:00:17,00:15:31,00:42:09,00:57:50,,https://result.pickmyrace.id/myresults.aspx?uid=20572-66-2-122501
911,N05-0004,ERNI NURMARINA,00:58:07,NOTARIS,281,Female,464,00:00:45,00:14:52,00:41:15,00:57:22,,https://result.pickmyrace.id/myresults.aspx?uid=20572-66-2-121019
912,N05-0689,ANDINI WIDATI SANTOSO,00:58:08,NOTARIS,282,Female,465,00:00:16,00:15:32,00:42:09,00:57:51,,https://result.pickmyrace.id/myresults.aspx?uid=20572-66-2-121704
913,05-0269,RANDY PRASETYO,00:58:09,UMUM,234,Male,448,00:00:00,,00:41:44,00:58:09,,https://result.pickmyrace.id/myresults.aspx?uid=20572-66-2-122214
914,N05-0501,"TRESIA TRI RATWIANTI, S.H., M.H.",00:58:11,NOTARIS,283,Female,466,00:00:00,,00:41:44,00:58:11,,https://result.pickmyrace.id/myresults.aspx?uid=20572-66-2-121516
915,N05-0413,AURIEL RAHAYU SENDJAJA,00:58:11,NOTARIS,284,Female,467,00:01:05,00:16:19,00:42:13,00:57:05,,https://result.pickmyrace.id/myresults.aspx?uid=20572-66-2-121428
916,N05-0585,"AMAYLIA NOOR ALAYSIA, S.H., M.KN",00:58:15,NOTARIS,285,Female,468,00:01:06,00:15:53,00:40:53,00:57:09,,https://result.pickmyrace.id/myresults.aspx?uid=20572-66-2-121600
917,N05-0766,"SITI ALFIARI SABIHISMA PURNAMA, S.H., M.KN.",00:58:15,NOTARIS,286,Female,469,00:01:05,00:16:19,00:41:42,00:57:10,,https://result.pickmyrace.id/myresults.aspx?uid=20572-66-2-121781
918,N05-0391,"ZAHRATUL AZKIA, S.H.,M.KN",00:58:17,NOTARIS,287,Female,470,00:01:02,00:16:16,00:42:52,00:57:15,,https://result.pickmyrace.id/myresults.aspx?uid=20572-66-2-121406
919,N05-0574,IQLIMA NATASYA SAPUTRI,00:58:17,NOTARIS,288,Female,471,00:01:02,00:16:21,00:41:37,00:57:15,,https://result.pickmyrace.id/myresults.aspx?uid=20572-66-2-121589
920,N05-0177,VIONDI YUNATAN,00:58:17,NOTARIS,180,Male,449,00:00:00,00:15:09,00:42:10,00:58:17,,https://result.pickmyrace.id/myresults.aspx?uid=20572-66-2-121192
921,N05-0613,SYARIFAH AULIA,00:58:18,NOTARIS,289,Female,472,00:01:04,00:16:09,00:42:56,00:57:13,,https://result.pickmyrace.id/myresults.aspx?uid=20572-66-2-121628
922,05-0410,TIFFANY VALENCYA,00:58:19,UMUM,138,Female,473,00:00:00,00:15:10,00:42:11,00:58:19,,https://result.pickmyrace.id/myresults.aspx?uid=20572-66-2-122355
923,05-0419,SATYA PRIMADI,00:58:19,UMUM,235,Male,450,00:00:47,00:16:21,00:42:09,00:57:32,,https://result.pickmyrace.id/myresults.aspx?uid=20572-66-2-122364
924,N05-0637,DICKY ANGGA RESTU,00:58:20,NOTARIS,181,Male,451,00:00:00,,00:43:30,00:58:20,,https://result.pickmyrace.id/myresults.aspx?uid=20572-66-2-121652
925,NM05-020,ANDHITA ANDRIANTO,00:58:23,MASTER NOTARIS,18,Male,452,00:00:38,00:15:43,00:42:09,00:57:44,,https://result.pickmyrace.id/myresults.aspx?uid=20572-66-2-121807
926,05-0311,AHMAD FERRY FERDIANSYAH,00:58:23,UMUM,236,Male,453,00:00:28,,00:42:20,00:57:54,,https://result.pickmyrace.id/myresults.aspx?uid=20572-66-2-122256
927,05-0571,SYACHNIARANI ANTASARI,00:58:24,UMUM,139,Female,474,00:02:25,00:14:24,00:40:18,00:55:58,,https://result.pickmyrace.id/myresults.aspx?uid=20572-66-2-122516
928,N05-0737,"FATHU RAMADHAN S.H.,M.KN.",00:58:25,NOTARIS,182,Male,454,00:02:19,00:14:29,00:40:32,00:56:05,,https://result.pickmyrace.id/myresults.aspx?uid=20572-66-2-121752
929,N05-0282,"MUHAMMAD RIO PUTRA CHANDRANATA S.H., M.KN.",00:58:26,NOTARIS,183,Male,455,00:00:30,00:14:48,00:42:12,00:57:55,,https://result.pickmyrace.id/myresults.aspx?uid=20572-66-2-121297
930,N05-0746,DINDA ARBA FAUZIA,00:58:26,NOTARIS,290,Female,475,00:01:44,00:15:41,00:41:43,00:56:42,,https://result.pickmyrace.id/myresults.aspx?uid=20572-66-2-121761
931,05-0464,ZAINAR RIDHO,00:58:27,UMUM,237,Male,456,00:00:00,,00:43:39,00:58:27,,https://result.pickmyrace.id/myresults.aspx?uid=20572-66-2-122409
932,05-0101,KRISELINA JULISTIA LAWIRA,00:58:27,UMUM,140,Female,476,00:00:31,00:14:44,00:41:58,00:57:55,,https://result.pickmyrace.id/myresults.aspx?uid=20572-66-2-122046
933,05-0463,MARWANTO,00:58:28,UMUM,238,Male,457,00:00:00,,00:43:45,00:58:28,,https://result.pickmyrace.id/myresults.aspx?uid=20572-66-2-122408
934,05-0307,SITI NURHOLILLAH,00:58:30,UMUM,141,Female,477,00:00:26,,00:43:43,00:58:03,,https://result.pickmyrace.id/myresults.aspx?uid=20572-66-2-122252
935,N05-0600,PUTU ANJALI GITA PRABANANDA,00:58:32,NOTARIS,291,Female,478,00:03:08,00:16:42,00:42:03,00:55:24,,https://result.pickmyrace.id/myresults.aspx?uid=20572-66-2-121615
936,N05-0045,"AGNES WULANDARI, S.H., M.KN",00:58:35,NOTARIS,292,Female,479,00:00:09,00:15:03,00:41:49,00:58:25,,https://result.pickmyrace.id/myresults.aspx?uid=20572-66-2-121060
937,N05-0164,"MZ HAKIM, SH, M. KN",00:58:35,NOTARIS,184,Male,458,00:06:08,00:14:20,00:37:51,00:52:26,,https://result.pickmyrace.id/myresults.aspx?uid=20572-66-2-121179
938,N05-0460,"IAN MARADONA, S.H., M.H., M.KN.",00:58:38,NOTARIS,185,Male,459,00:04:37,00:15:08,00:40:26,00:54:01,,https://result.pickmyrace.id/myresults.aspx?uid=20572-66-2-121475
939,05-0160,FARUQI AL GHIFARI,00:58:39,UMUM,239,Male,460,00:00:00,00:18:19,00:44:25,00:58:39,,https://result.pickmyrace.id/myresults.aspx?uid=20572-66-2-122105
940,M05-054,LEIDYA MURDIANI,00:58:40,MASTER UMUM,18,Female,480,00:06:10,00:14:18,00:37:54,00:52:29,,https://result.pickmyrace.id/myresults.aspx?uid=20572-66-2-121931
941,05-0203,IIS PRATIWI,00:58:43,UMUM,142,Female,481,00:00:26,00:21:31,,00:58:16,,https://result.pickmyrace.id/myresults.aspx?uid=20572-66-2-122148
942,N05-0626,SASKIA MAHARANI SALWA NABILI,00:58:44,NOTARIS,293,Female,482,00:00:42,00:20:22,00:46:25,00:58:02,,https://result.pickmyrace.id/myresults.aspx?uid=20572-66-2-121641
943,N05-0607,NAMIRA KHALDA ATHIYYAH,00:58:44,NOTARIS,294,Female,483,00:00:23,00:16:18,00:43:36,00:58:20,,https://result.pickmyrace.id/myresults.aspx?uid=20572-66-2-121622
944,N05-0254,RISMAWATI,00:58:44,NOTARIS,295,Female,484,00:03:33,00:16:00,00:41:28,00:55:11,,https://result.pickmyrace.id/myresults.aspx?uid=20572-66-2-121269
945,05-0066,PURBAYA PRIHADIANSYAH,00:58:44,UMUM,240,Male,461,00:03:34,00:16:02,00:41:27,00:55:10,,https://result.pickmyrace.id/myresults.aspx?uid=20572-66-2-122011
946,N05-0192,"TASYA PUTRI PERMATASARI, S.H., M.KN",00:58:45,NOTARIS,296,Female,485,00:00:23,00:16:07,00:43:35,00:58:21,,https://result.pickmyrace.id/myresults.aspx?uid=20572-66-2-121207
947,N05-0253,"MISSI ANANDA, SH, M. KN",00:58:46,NOTARIS,297,Female,486,00:03:33,00:16:01,00:41:19,00:55:12,,https://result.pickmyrace.id/myresults.aspx?uid=20572-66-2-121268
948,05-0094,JEFRI BUDI MARDIANTO,00:58:47,UMUM,241,Male,462,00:03:35,00:16:01,00:41:22,00:55:12,,https://result.pickmyrace.id/myresults.aspx?uid=20572-66-2-122039
949,N05-0081,MUHAMMAD BOMA ADICHANDRA,00:58:47,NOTARIS,186,Male,463,00:00:02,00:14:39,00:42:43,00:58:44,,https://result.pickmyrace.id/myresults.aspx?uid=20572-66-2-121096
950,05-0595,SITI AYU,00:58:50,UMUM,143,Female,487,00:00:14,00:17:49,00:46:52,00:58:36,,https://result.pickmyrace.id/myresults.aspx?uid=20572-66-2-122540
951,N05-0114,"SALSABILLA PARAMESTI, S.H., M.KN",00:58:51,NOTARIS,298,Female,488,00:05:40,00:14:38,00:39:14,00:53:10,,https://result.pickmyrace.id/myresults.aspx?uid=20572-66-2-121129
952,N05-0645,"MARDLIANTY SAKINA, S.H., M.KN.",00:58:51,NOTARIS,299,Female,489,00:00:00,00:20:20,00:44:09,00:58:51,,https://result.pickmyrace.id/myresults.aspx?uid=20572-66-2-121660
953,05-0051,JESSICA,00:58:53,UMUM,144,Female,490,00:00:21,00:15:55,00:42:44,00:58:31,,https://result.pickmyrace.id/myresults.aspx?uid=20572-66-2-121996
954,05-0052,YOHANES,00:58:53,UMUM,242,Male,464,00:00:20,00:15:55,00:42:47,00:58:32,,https://result.pickmyrace.id/myresults.aspx?uid=20572-66-2-121997
955,05-0253,SUKANTA,00:58:55,UMUM,243,Male,465,00:00:00,,,00:58:55,,https://result.pickmyrace.id/myresults.aspx?uid=20572-66-2-122198
956,05-0254,WIYANDARI,00:58:57,UMUM,145,Female,491,00:00:00,,,00:58:57,,https://result.pickmyrace.id/myresults.aspx?uid=20572-66-2-122199
957,N05-0591,SELLY,00:58:59,NOTARIS,300,Female,492,00:01:25,00:16:43,00:41:52,00:57:33,,https://result.pickmyrace.id/myresults.aspx?uid=20572-66-2-121606
958,N05-0430,IMAM ARBI,00:59:02,NOTARIS,187,Male,466,00:05:11,00:14:08,00:40:45,00:53:50,,https://result.pickmyrace.id/myresults.aspx?uid=20572-66-2-121445
959,N05-0190,MAHARANI RINJANI,00:59:03,NOTARIS,301,Female,493,00:03:35,00:15:47,00:41:22,00:55:28,,https://result.pickmyrace.id/myresults.aspx?uid=20572-66-2-121205
960,05-0541,AZMI SARI,00:59:06,UMUM,244,Male,467,00:00:17,00:16:28,00:43:31,00:58:48,,https://result.pickmyrace.id/myresults.aspx?uid=20572-66-2-122486
961,N05-0594,PAULA BAWUNA,00:59:10,NOTARIS,302,Female,494,00:01:25,00:16:41,00:41:47,00:57:44,,https://result.pickmyrace.id/myresults.aspx?uid=20572-66-2-121609
962,N05-0415,BRED KLENTEN,00:59:17,NOTARIS,188,Male,468,00:00:24,,00:43:10,00:58:53,,https://result.pickmyrace.id/myresults.aspx?uid=20572-66-2-121430
963,N05-0710,"REGI JATI KUSUMAH, S.H., M.KN.",00:59:20,NOTARIS,189,Male,469,00:09:47,00:13:23,00:37:06,00:49:33,,https://result.pickmyrace.id/myresults.aspx?uid=20572-66-2-121725
964,05-0181,LAURENSIA DINDA ASMARA JEBARUS,00:59:21,UMUM,146,Female,495,00:00:25,00:15:38,00:43:05,00:58:55,,https://result.pickmyrace.id/myresults.aspx?uid=20572-66-2-122126
965,N05-0500,"EDWIN SUBARKAH, S.H., M.H.",00:59:24,NOTARIS,190,Male,470,00:00:00,,,00:59:24,,https://result.pickmyrace.id/myresults.aspx?uid=20572-66-2-121515
966,05-0267,"INDRAJANI, SH",00:59:25,UMUM,147,Female,496,00:00:04,00:14:37,00:42:10,00:59:21,,https://result.pickmyrace.id/myresults.aspx?uid=20572-66-2-122212
967,N05-0211,"RISA ADENIA AZZAHRA S.H., M.KN",00:59:25,NOTARIS,303,Female,497,00:00:16,00:15:52,00:43:11,00:59:08,,https://result.pickmyrace.id/myresults.aspx?uid=20572-66-2-121226
968,N05-0457,GUNAWAN SH,00:59:27,NOTARIS,191,Male,471,00:00:03,00:14:42,00:42:07,00:59:23,,https://result.pickmyrace.id/myresults.aspx?uid=20572-66-2-121472
969,N05-0212,HASYA FAZNI PRATIWI,00:59:28,NOTARIS,304,Female,498,00:00:15,00:15:55,00:42:51,00:59:13,,https://result.pickmyrace.id/myresults.aspx?uid=20572-66-2-121227
970,M05-036,ASNIDAR,00:59:35,MASTER UMUM,19,Female,499,00:00:11,00:15:00,00:43:19,00:59:23,,https://result.pickmyrace.id/myresults.aspx?uid=20572-66-2-121913
971,N05-0567,FERICA INDRIANI,00:59:35,NOTARIS,305,Female,500,00:00:07,00:15:39,00:43:49,00:59:28,,https://result.pickmyrace.id/myresults.aspx?uid=20572-66-2-121582
972,N05-0339,"PUTRI HANDAYANI,.S.H.,M.KN",00:59:37,NOTARIS,306,Female,501,00:00:19,00:16:27,00:45:07,00:59:17,,https://result.pickmyrace.id/myresults.aspx?uid=20572-66-2-121354
973,N05-0380,"NIDA MURON HERIANDINI, S.H., M.KN.",00:59:37,NOTARIS,307,Female,502,00:00:20,00:17:06,00:45:04,00:59:17,,https://result.pickmyrace.id/myresults.aspx?uid=20572-66-2-121395
974,N05-0078,"IVONNE AVIA NABILA, S.H., M.KN.",00:59:37,NOTARIS,308,Female,503,00:00:20,00:17:05,00:45:02,00:59:17,,https://result.pickmyrace.id/myresults.aspx?uid=20572-66-2-121093
975,05-0097,ERICA FEBIYANA,00:59:42,UMUM,148,Female,504,00:05:01,00:14:29,00:39:03,00:54:41,,https://result.pickmyrace.id/myresults.aspx?uid=20572-66-2-122042
976,N05-0091,PANDAM NURWULAN,00:59:43,NOTARIS,309,Female,505,00:00:00,00:14:48,00:42:56,00:59:43,,https://result.pickmyrace.id/myresults.aspx?uid=20572-66-2-121106
977,05-0586,ANNISA MUARIZ ISKANDAR,00:59:44,UMUM,149,Female,506,00:01:01,00:16:03,00:43:20,00:58:42,,https://result.pickmyrace.id/myresults.aspx?uid=20572-66-2-122531
978,N05-0655,NATHASYA RIVA CARISSA,00:59:44,NOTARIS,310,Female,507,00:01:06,00:15:32,00:43:05,00:58:38,,https://result.pickmyrace.id/myresults.aspx?uid=20572-66-2-121670
979,N05-0237,"FAISAL HILMI, S.H., M.KN.",00:59:49,NOTARIS,192,Male,472,00:00:35,00:14:56,00:41:53,00:59:14,,https://result.pickmyrace.id/myresults.aspx?uid=20572-66-2-121252
980,05-0337,MUHAMMAD RUSLI SAHRONI,00:59:50,UMUM,245,Male,473,00:00:17,00:18:12,00:49:26,00:59:32,,https://result.pickmyrace.id/myresults.aspx?uid=20572-66-2-122282
981,N05-0065,SITI HAJAR HAKIM,00:59:50,NOTARIS,311,Female,508,00:00:21,00:16:23,00:43:23,00:59:28,,https://result.pickmyrace.id/myresults.aspx?uid=20572-66-2-121080
982,N05-0621,"DEWI FATMAWATI, S.H., M.KN.",00:59:51,NOTARIS,312,Female,509,00:00:31,00:15:37,00:43:15,00:59:19,,https://result.pickmyrace.id/myresults.aspx?uid=20572-66-2-121636
983,N05-0178,ABI GHOLIBI,00:59:52,NOTARIS,193,Male,474,00:00:00,00:22:46,00:45:35,00:59:52,,https://result.pickmyrace.id/myresults.aspx?uid=20572-66-2-121193
984,05-0608,LEVINSA JESSIE CANOSA,00:59:52,UMUM,150,Female,510,00:00:40,00:17:45,00:45:07,00:59:11,,https://result.pickmyrace.id/myresults.aspx?uid=20572-66-2-122553
985,N05-0718,IRINE YOVA WURYANTO,00:59:53,NOTARIS,313,Female,511,00:03:17,00:15:49,00:42:08,00:56:36,,https://result.pickmyrace.id/myresults.aspx?uid=20572-66-2-121733
986,05-0526,I GUSTI AGUNG RAI SATWIKA PUTRA,00:59:53,UMUM,246,Male,475,00:03:16,00:15:47,00:42:06,00:56:36,,https://result.pickmyrace.id/myresults.aspx?uid=20572-66-2-122471
987,N05-0278,YULIO RANDI PRANANTO,00:59:56,NOTARIS,194,Male,476,00:00:48,,00:43:37,00:59:08,,https://result.pickmyrace.id/myresults.aspx?uid=20572-66-2-121293
988,05-0305,AYU RACHMAWATI,00:59:59,UMUM,151,Female,512,00:00:36,00:15:45,00:42:41,00:59:23,,https://result.pickmyrace.id/myresults.aspx?uid=20572-66-2-122250
989,N05-0279,RIESKI PERLITA RUCITA HERVIN,00:59:59,NOTARIS,314,Female,513,00:00:45,00:16:34,00:43:32,00:59:14,,https://result.pickmyrace.id/myresults.aspx?uid=20572-66-2-121294
990,05-0304,MARSAULINA BUTAR BUTAR,01:00:00,UMUM,152,Female,514,00:00:39,00:15:37,00:42:35,00:59:20,,https://result.pickmyrace.id/myresults.aspx?uid=20572-66-2-122249
991,05-0303,SEPTIANI DWI HERMAYANTI,01:00:01,UMUM,153,Female,515,00:00:36,00:15:43,00:42:45,00:59:25,,https://result.pickmyrace.id/myresults.aspx?uid=20572-66-2-122248
992,N05-0323,"MUHAMMAD AKBAR RAMADHAN, S.H., M.KN.",01:00:04,NOTARIS,195,Male,477,00:01:03,00:17:19,00:43:47,00:59:01,,https://result.pickmyrace.id/myresults.aspx?uid=20572-66-2-121338
993,05-0112,GHINA KANIA RAHMAH,01:00:05,UMUM,154,Female,516,00:01:02,00:17:17,00:43:49,00:59:02,,https://result.pickmyrace.id/myresults.aspx?uid=20572-66-2-122057
994,N05-0307,"ESTRI SOLIKHIN, S.H., M.KN",01:00:12,NOTARIS,315,Female,517,00:01:01,00:14:20,,00:59:10,,https://result.pickmyrace.id/myresults.aspx?uid=20572-66-2-121322
995,05-0565,EGA AINAYAH,01:00:16,UMUM,155,Female,518,00:02:23,00:15:30,00:42:29,00:57:53,,https://result.pickmyrace.id/myresults.aspx?uid=20572-66-2-122510
996,N05-0729,MIRZA AGUNG RAHMATULLAH,01:00:16,NOTARIS,196,Male,478,00:02:23,00:15:33,00:42:36,00:57:53,,https://result.pickmyrace.id/myresults.aspx?uid=20572-66-2-121744
997,N05-0694,SUTINO,01:00:18,NOTARIS,197,Male,479,00:01:24,00:17:38,00:43:20,00:58:53,,https://result.pickmyrace.id/myresults.aspx?uid=20572-66-2-121709
998,N05-0510,"RETNO RINI P DEWANTO, SH",01:00:20,NOTARIS,316,Female,519,00:00:44,00:16:37,00:43:35,00:59:35,,https://result.pickmyrace.id/myresults.aspx?uid=20572-66-2-121525
999,N05-0024,GABRIEL GLORIA,01:00:25,NOTARIS,317,Female,520,00:02:59,00:15:57,00:45:55,00:57:26,,https://result.pickmyrace.id/myresults.aspx?uid=20572-66-2-121039
1000,N05-0023,"VIDYA PRADIPTA, S.H., M.KN.",01:00:26,NOTARIS,318,Female,521,00:02:33,00:16:22,00:46:12,00:57:52,,https://result.pickmyrace.id/myresults.aspx?uid=20572-66-2-121038
1001,N05-0545,"THERESIA MAGDALENA, S.H., M.KN.",01:00:26,NOTARIS,319,Female,522,00:00:58,00:17:16,00:43:41,00:59:28,,https://result.pickmyrace.id/myresults.aspx?uid=20572-66-2-121560
1002,N05-0050,SITI RISMA,01:00:27,NOTARIS,320,Female,523,00:02:33,00:16:23,00:46:17,00:57:53,,https://result.pickmyrace.id/myresults.aspx?uid=20572-66-2-121065
1003,N05-0643,PUTRI RAHMA NAMI,01:00:27,NOTARIS,321,Female,524,00:00:59,00:17:37,00:47:03,00:59:28,,https://result.pickmyrace.id/myresults.aspx?uid=20572-66-2-121658
1004,N05-0544,"BESTARI PRAHASTANI INTAN SEKARWANGI, S.H., M.KN.",01:00:27,NOTARIS,322,Female,525,00:00:59,00:17:13,00:43:30,00:59:28,,https://result.pickmyrace.id/myresults.aspx?uid=20572-66-2-121559
1005,05-0048,NUR IHSANA KHUSNA,01:00:27,UMUM,156,Female,526,00:02:34,00:16:22,00:46:23,00:57:53,,https://result.pickmyrace.id/myresults.aspx?uid=20572-66-2-121993
1006,05-0082,MIKHAEL GARDA PRASETYA,01:00:31,UMUM,247,Male,480,00:01:07,00:18:30,00:44:58,00:59:23,,https://result.pickmyrace.id/myresults.aspx?uid=20572-66-2-122027
1007,05-0205,MUHAMMAD HASBY RIFAI,01:00:32,UMUM,248,Male,481,00:01:21,00:16:40,00:43:37,00:59:10,,https://result.pickmyrace.id/myresults.aspx?uid=20572-66-2-122150
1008,N05-0590,"HENNY YUNITA PURANTO,S.H.,M.KN.",01:00:32,NOTARIS,323,Female,527,00:00:17,00:15:12,00:43:10,01:00:15,,https://result.pickmyrace.id/myresults.aspx?uid=20572-66-2-121605
1009,N05-0484,FILDZAH GHASSANI HANUN,01:00:33,NOTARIS,324,Female,528,00:02:11,00:17:07,00:43:55,00:58:22,,https://result.pickmyrace.id/myresults.aspx?uid=20572-66-2-121499
1010,N05-0407,FITRIA AYU UTAMI,01:00:37,NOTARIS,325,Female,529,00:00:53,00:18:14,00:47:57,00:59:43,,https://result.pickmyrace.id/myresults.aspx?uid=20572-66-2-121422
1011,N05-0057,"ALYSHA AZALIA SAMHAN, S.H., M.KN.",01:00:39,NOTARIS,326,Female,530,00:00:00,00:21:56,00:46:02,01:00:39,,https://result.pickmyrace.id/myresults.aspx?uid=20572-66-2-121072
1012,05-0011,RAFAEL KHALIDYA RIZKY,01:00:40,UMUM,249,Male,482,00:01:04,00:17:06,00:44:25,00:59:35,,https://result.pickmyrace.id/myresults.aspx?uid=20572-66-2-121956
1013,05-0535,CYNTIA,01:00:40,UMUM,157,Female,531,00:00:19,00:16:35,00:45:09,01:00:20,,https://result.pickmyrace.id/myresults.aspx?uid=20572-66-2-122480
1014,N05-0039,DIAN PUTRI PRATAMA,01:00:40,NOTARIS,327,Female,532,00:01:03,00:17:14,00:44:29,00:59:37,,https://result.pickmyrace.id/myresults.aspx?uid=20572-66-2-121054
1015,05-0353,FADJRI BASKARA BAYU PRANANDA,01:00:43,UMUM,250,Male,483,00:05:18,00:14:14,00:40:40,00:55:24,,https://result.pickmyrace.id/myresults.aspx?uid=20572-66-2-122298
1016,05-0119,AHMAD FAUZI,01:00:43,UMUM,251,Male,484,00:01:21,00:16:39,00:43:49,00:59:21,,https://result.pickmyrace.id/myresults.aspx?uid=20572-66-2-122064
1017,05-0050,WISNU IVAN KUSUMA,01:00:47,UMUM,252,Male,485,00:04:40,00:14:03,00:41:35,00:56:06,,https://result.pickmyrace.id/myresults.aspx?uid=20572-66-2-121995
1018,N05-0582,PUTRI KALINGGA HERMAWAN,01:00:49,NOTARIS,328,Female,533,00:00:32,00:15:42,00:44:04,01:00:16,,https://result.pickmyrace.id/myresults.aspx?uid=20572-66-2-121597
1019,05-0231,IZZUDDIN FATHURRAHMAN KAMIL,01:00:50,UMUM,253,Male,486,00:00:32,00:15:45,00:44:11,01:00:17,,https://result.pickmyrace.id/myresults.aspx?uid=20572-66-2-122176
1020,N05-0470,PUTRI KALIANDRA HERMAWAN,01:00:50,NOTARIS,329,Female,534,00:00:33,00:15:46,00:44:10,01:00:17,,https://result.pickmyrace.id/myresults.aspx?uid=20572-66-2-121485
1021,05-0190,PUTRI AMELIA YASIN,01:00:50,UMUM,158,Female,535,00:00:28,00:16:24,00:43:33,01:00:22,,https://result.pickmyrace.id/myresults.aspx?uid=20572-66-2-122135
1022,05-0201,NADIRA UFTHAHUL JANAH,01:00:51,UMUM,159,Female,536,00:00:30,00:16:21,00:43:35,01:00:21,,https://result.pickmyrace.id/myresults.aspx?uid=20572-66-2-122146
1023,05-0477,CHRISTIARA SERENITY SONDAKH,01:00:58,UMUM,160,Female,537,00:00:51,00:16:21,00:43:13,01:00:06,,https://result.pickmyrace.id/myresults.aspx?uid=20572-66-2-122422
1024,05-0482,SISKA WIDYATAMA,01:00:58,UMUM,161,Female,538,00:00:26,00:16:28,00:44:02,01:00:32,,https://result.pickmyrace.id/myresults.aspx?uid=20572-66-2-122427
1025,05-0395,NINIK ANGGRAINI,01:00:58,UMUM,162,Female,539,00:00:22,,00:43:51,01:00:35,,https://result.pickmyrace.id/myresults.aspx?uid=20572-66-2-122340
1026,05-0476,LATHISA SHAFA ATHAYA RABBANI,01:00:59,UMUM,163,Female,540,00:00:51,00:16:21,00:43:16,01:00:07,,https://result.pickmyrace.id/myresults.aspx?uid=20572-66-2-122421
1027,N05-0439,MERISKA ADRIATY,01:01:02,NOTARIS,330,Female,541,00:00:00,,,01:01:02,,https://result.pickmyrace.id/myresults.aspx?uid=20572-66-2-121454
1028,N05-0158,LUTHFI QILAN NURFARHAN,01:01:02,NOTARIS,198,Male,487,00:00:54,00:15:23,00:43:59,01:00:08,,https://result.pickmyrace.id/myresults.aspx?uid=20572-66-2-121173
1029,N05-0390,"DONI HADI SAPUTRA S.H., M.KN.",01:01:05,NOTARIS,199,Male,488,00:01:01,,,01:00:03,,https://result.pickmyrace.id/myresults.aspx?uid=20572-66-2-121405
1030,05-0481,ANNAHLIAH RAHIMIAH,01:01:06,UMUM,164,Female,542,00:00:50,00:16:22,00:43:19,01:00:15,,https://result.pickmyrace.id/myresults.aspx?uid=20572-66-2-122426
1031,N05-0367,"DESINTHA PUTRI, SH,.M.KN",01:01:06,NOTARIS,331,Female,543,00:00:00,,,01:01:06,,https://result.pickmyrace.id/myresults.aspx?uid=20572-66-2-121382
1032,N05-0414,"MUHAMMAD FATONIE SURYANSYAH, SH, MKN",01:01:08,NOTARIS,200,Male,489,00:00:58,,,01:00:09,,https://result.pickmyrace.id/myresults.aspx?uid=20572-66-2-121429
1033,N05-0466,SHILDA OCTAVIA ROSA,01:01:09,NOTARIS,332,Female,544,00:01:03,,,01:00:05,,https://result.pickmyrace.id/myresults.aspx?uid=20572-66-2-121481
1034,05-0027,BASSAF RIZKY IQBAL BAGASKARA,01:01:12,UMUM,254,Male,490,00:03:35,00:16:11,00:42:15,00:57:37,,https://result.pickmyrace.id/myresults.aspx?uid=20572-66-2-121972
1035,05-0277,EFREZA PRADITA,01:01:17,UMUM,255,Male,491,00:00:00,00:20:39,00:46:37,01:01:17,,https://result.pickmyrace.id/myresults.aspx?uid=20572-66-2-122222
1036,N05-0387,"HANIFAH PURNAMASARI, S.H., M.KN.",01:01:17,NOTARIS,333,Female,545,00:00:19,00:16:26,00:44:51,01:00:57,,https://result.pickmyrace.id/myresults.aspx?uid=20572-66-2-121402
1037,N05-0493,AJENG DIAN ANDARI,01:01:17,NOTARIS,334,Female,546,00:00:12,00:16:45,00:44:52,01:01:05,,https://result.pickmyrace.id/myresults.aspx?uid=20572-66-2-121508
1038,N05-0337,"FIRA AUDIA KUSNADI, S.H., M.KN.",01:01:18,NOTARIS,335,Female,547,00:00:19,00:16:20,00:44:53,01:00:59,,https://result.pickmyrace.id/myresults.aspx?uid=20572-66-2-121352
1039,05-0409,MUHAMMAD RAZAN ANSHARI,01:01:19,UMUM,256,Male,492,00:00:30,00:18:12,00:46:23,01:00:48,,https://result.pickmyrace.id/myresults.aspx?uid=20572-66-2-122354
1040,N05-0740,IKRAM FAJAR MAULANA,01:01:19,NOTARIS,201,Male,493,00:00:35,,00:44:16,01:00:43,,https://result.pickmyrace.id/myresults.aspx?uid=20572-66-2-121755
1041,05-0411,AFINA,01:01:19,UMUM,165,Female,548,00:00:30,00:18:09,00:46:18,01:00:48,,https://result.pickmyrace.id/myresults.aspx?uid=20572-66-2-122356
1042,N05-0349,"MUCHAMMAD NIZAR BAHAAUDDIN, S.H., M.KN.",01:01:23,NOTARIS,202,Male,494,00:02:58,00:15:35,00:42:26,00:58:25,,https://result.pickmyrace.id/myresults.aspx?uid=20572-66-2-121364
1043,05-0527,LILY KALYANA,01:01:26,UMUM,166,Female,549,00:00:37,00:17:02,00:45:05,01:00:48,,https://result.pickmyrace.id/myresults.aspx?uid=20572-66-2-122472
1044,05-0528,HALIM KURNIAWAN,01:01:26,UMUM,257,Male,495,00:00:37,00:17:01,00:45:06,01:00:49,,https://result.pickmyrace.id/myresults.aspx?uid=20572-66-2-122473
1045,N05-0417,EFA FITRIA,01:01:29,NOTARIS,336,Female,550,00:01:52,00:16:07,00:43:30,00:59:37,,https://result.pickmyrace.id/myresults.aspx?uid=20572-66-2-121432
1046,N05-0638,ANNISA SAFIRA,01:01:30,NOTARIS,337,Female,551,00:01:03,00:17:34,00:44:33,01:00:27,,https://result.pickmyrace.id/myresults.aspx?uid=20572-66-2-121653
1047,05-0370,YOGI JUANSYAH,01:01:30,UMUM,258,Male,496,00:01:02,,00:44:38,01:00:28,,https://result.pickmyrace.id/myresults.aspx?uid=20572-66-2-122315
1048,N05-0723,"SUCI YANTI S.H.,M.KN",01:01:36,NOTARIS,338,Female,552,00:00:00,,,01:01:36,,https://result.pickmyrace.id/myresults.aspx?uid=20572-66-2-121738
1049,N05-0525,INTANIA MARTIKA,01:01:37,NOTARIS,339,Female,553,00:00:00,,,01:01:37,,https://result.pickmyrace.id/myresults.aspx?uid=20572-66-2-121540
1050,N05-0020,"CHRISTY CHANDRA, S.H.,M.Kn.",01:01:39,NOTARIS,340,Female,554,00:01:09,00:18:30,00:46:54,01:00:30,,https://result.pickmyrace.id/myresults.aspx?uid=20572-66-2-121035
1051,05-0639,CITA AYU PRESWARI,01:01:40,UMUM,167,Female,555,00:02:30,00:16:41,00:43:26,00:59:09,,https://result.pickmyrace.id/myresults.aspx?uid=20572-66-2-122940
1052,05-0640,ACHMAD HAFIZAR,01:01:41,UMUM,259,Male,497,00:02:27,00:16:48,00:43:37,00:59:13,,https://result.pickmyrace.id/myresults.aspx?uid=20572-66-2-122941
1053,05-0145,MUHAMAD SAHRUDIN,01:01:41,UMUM,260,Male,498,00:05:28,00:20:02,00:45:03,00:56:12,,https://result.pickmyrace.id/myresults.aspx?uid=20572-66-2-122090
1054,N05-0714,IRMA VERLIANARA,01:01:44,NOTARIS,341,Female,556,00:00:00,00:45:25,,01:01:44,,https://result.pickmyrace.id/myresults.aspx?uid=20572-66-2-121729
1055,N05-0734,SORITUA HALOMOAN SIREGAR,01:01:48,NOTARIS,203,Male,499,00:00:33,00:16:41,00:45:35,01:01:14,,https://result.pickmyrace.id/myresults.aspx?uid=20572-66-2-121749
1056,05-0569,RINI DAMAYANTI,01:01:49,UMUM,168,Female,557,00:00:33,00:16:35,00:45:27,01:01:15,,https://result.pickmyrace.id/myresults.aspx?uid=20572-66-2-122514
1057,05-0273,TRIA FEBA BR SITEPU,01:01:51,UMUM,169,Female,558,00:01:46,00:18:05,00:45:57,01:00:05,,https://result.pickmyrace.id/myresults.aspx?uid=20572-66-2-122218
1058,05-0018,ILHAM RIZKY JUNIAWAN,01:01:51,UMUM,261,Male,500,00:06:08,00:15:49,00:40:53,00:55:43,,https://result.pickmyrace.id/myresults.aspx?uid=20572-66-2-121963
1059,N05-0764,"RAFIKA ARINE SANDRADEVI, S.H., M.KN., M.H.",01:01:53,NOTARIS,342,Female,559,00:00:19,00:16:47,00:44:49,01:01:33,,https://result.pickmyrace.id/myresults.aspx?uid=20572-66-2-121779
1060,N05-0085,KENDRI EDA MUKTI,01:01:53,NOTARIS,343,Female,560,00:00:19,00:16:42,00:44:51,01:01:33,,https://result.pickmyrace.id/myresults.aspx?uid=20572-66-2-121100
1061,05-0235,MUHAMMAD RIVANO NAUFALUKMAN,01:01:53,UMUM,262,Male,501,00:00:00,00:19:49,00:46:31,01:01:53,,https://result.pickmyrace.id/myresults.aspx?uid=20572-66-2-122180
1062,N05-0481,VERENT NATHALIA PUTRI,01:01:54,NOTARIS,344,Female,561,00:00:00,00:19:51,00:47:08,01:01:54,,https://result.pickmyrace.id/myresults.aspx?uid=20572-66-2-121496
1063,05-0222,SARI YANA,01:01:56,UMUM,170,Female,562,00:04:37,00:15:33,00:42:57,00:57:19,,https://result.pickmyrace.id/myresults.aspx?uid=20572-66-2-122167
1064,N05-0098,"MIRANTO RAHMA PUTRA S.H., M.KN.",01:01:57,NOTARIS,204,Male,502,00:00:24,00:15:10,00:44:56,01:01:33,,https://result.pickmyrace.id/myresults.aspx?uid=20572-66-2-121113
1065,N05-0394,"WIDYASTUTI, S.H., M.KN.",01:01:59,NOTARIS,345,Female,563,00:01:16,00:18:00,00:45:44,01:00:42,,https://result.pickmyrace.id/myresults.aspx?uid=20572-66-2-121409
1066,05-0174,WIDODO BUDI PURNOMO,01:01:59,UMUM,263,Male,503,00:01:16,00:18:03,00:45:44,01:00:43,,https://result.pickmyrace.id/myresults.aspx?uid=20572-66-2-122119
1067,05-0475,DIAH AYU PERTIWI,01:02:00,UMUM,171,Female,564,00:00:53,00:16:36,00:43:39,01:01:06,,https://result.pickmyrace.id/myresults.aspx?uid=20572-66-2-122420
1068,05-0102,SAFIRA ARDHA NAWISWARI,01:02:00,UMUM,172,Female,565,00:01:01,00:16:23,00:44:48,01:00:59,,https://result.pickmyrace.id/myresults.aspx?uid=20572-66-2-122047
1069,05-0478,NAZWA HAMIDAH,01:02:00,UMUM,173,Female,566,00:00:53,00:16:36,00:43:42,01:01:07,,https://result.pickmyrace.id/myresults.aspx?uid=20572-66-2-122423
1070,M05-018,IRWAN BAYU,01:02:01,MASTER UMUM,19,Male,504,00:03:20,00:16:12,00:43:37,00:58:41,,https://result.pickmyrace.id/myresults.aspx?uid=20572-66-2-121895
1071,05-0064,REZA LIASTA DEWI,01:02:02,UMUM,174,Female,567,00:00:51,00:16:12,00:46:04,01:01:10,,https://result.pickmyrace.id/myresults.aspx?uid=20572-66-2-122009
1072,N05-0312,RIZKY ZEES,01:02:06,NOTARIS,205,Male,505,00:00:51,00:19:37,00:45:28,01:01:15,,https://result.pickmyrace.id/myresults.aspx?uid=20572-66-2-121327
1073,N05-0514,"ZENZA BRONICA IMAN, S.H., M.KN",01:02:07,NOTARIS,346,Female,568,00:00:49,00:19:38,00:46:05,01:01:17,,https://result.pickmyrace.id/myresults.aspx?uid=20572-66-2-121529
1074,N05-0316,SELLY NOFRIANTI,01:02:07,NOTARIS,347,Female,569,00:01:26,00:15:34,00:43:22,01:00:41,,https://result.pickmyrace.id/myresults.aspx?uid=20572-66-2-121331
1075,N05-0061,DHEA PUTRI WULANDARI,01:02:07,NOTARIS,348,Female,570,00:00:23,00:17:38,00:48:27,01:01:44,,https://result.pickmyrace.id/myresults.aspx?uid=20572-66-2-121076
1076,N05-0064,"MIFTAHUL JANNAH, S.H., M.KN.",01:02:08,NOTARIS,349,Female,571,00:00:24,00:17:38,00:48:35,01:01:43,,https://result.pickmyrace.id/myresults.aspx?uid=20572-66-2-121079
1077,N05-0399,"DR.FINNA NAZRAN SH.,M.KN",01:02:09,NOTARIS,350,Female,572,00:00:51,00:18:26,00:43:22,01:01:17,,https://result.pickmyrace.id/myresults.aspx?uid=20572-66-2-121414
1078,N05-0315,CHILDA MEUTHIA,01:02:09,NOTARIS,351,Female,573,00:01:24,00:15:37,00:43:33,01:00:44,,https://result.pickmyrace.id/myresults.aspx?uid=20572-66-2-121330
1079,N05-0398,"EVI VERONIKA PERANGIN ANGIN, SH., M.KN",01:02:10,NOTARIS,352,Female,574,00:00:51,00:18:26,00:43:25,01:01:19,,https://result.pickmyrace.id/myresults.aspx?uid=20572-66-2-121413
1080,NM05-050,"ALIESE MARIAWATI, S.H., M.KN.",01:02:11,MASTER NOTARIS,30,Female,575,00:01:16,00:19:00,00:45:25,01:00:55,,https://result.pickmyrace.id/myresults.aspx?uid=20572-66-2-121837
1081,05-0612,IQBAL HIDAYAT,01:02:12,UMUM,264,Male,506,00:00:00,,00:52:39,01:02:12,,https://result.pickmyrace.id/myresults.aspx?uid=20572-66-2-122557
1082,N05-0286,"FAISHAL AMROE HIDAYAT S.H., M.KN.",01:02:14,NOTARIS,206,Male,507,00:03:01,00:15:47,00:45:29,00:59:12,,https://result.pickmyrace.id/myresults.aspx?uid=20572-66-2-121301
1083,N05-0314,"RYAMIZARD HARITZIDANE KASYFI ADITYA, S.H., M.KN.",01:02:14,NOTARIS,207,Male,508,00:02:59,00:15:46,00:45:27,00:59:14,,https://result.pickmyrace.id/myresults.aspx?uid=20572-66-2-121329
1084,M05-017,IDA SYARIFUDDIN,01:02:15,MASTER UMUM,20,Female,576,00:03:17,00:16:09,00:43:38,00:58:58,,https://result.pickmyrace.id/myresults.aspx?uid=20572-66-2-121894
1085,N05-0157,FITRIA RETNO PRATIWI,01:02:16,NOTARIS,353,Female,577,00:01:05,00:17:04,00:45:34,01:01:10,,https://result.pickmyrace.id/myresults.aspx?uid=20572-66-2-121172
1086,N05-0557,AGUS SUMARDI,01:02:20,NOTARIS,208,Male,509,00:12:01,00:14:03,00:36:48,00:50:19,,https://result.pickmyrace.id/myresults.aspx?uid=20572-66-2-121572
1087,05-0460,ACHMAT NURODIN,01:02:21,UMUM,265,Male,510,00:00:00,,00:43:36,01:02:21,,https://result.pickmyrace.id/myresults.aspx?uid=20572-66-2-122405
1088,05-0458,SRI SUSANTI,01:02:27,UMUM,175,Female,578,00:00:00,,,01:02:27,,https://result.pickmyrace.id/myresults.aspx?uid=20572-66-2-122403
1089,N05-0653,"DIKA EKA YUDISTIRA.S.H.,M.KN.",01:02:29,NOTARIS,209,Male,511,00:00:43,00:17:14,00:47:04,01:01:45,,https://result.pickmyrace.id/myresults.aspx?uid=20572-66-2-121668
1090,05-0053,MIRANDA ATIKHA,01:02:43,UMUM,176,Female,579,00:07:51,,00:36:02,00:54:51,,https://result.pickmyrace.id/myresults.aspx?uid=20572-66-2-121998
1091,N05-0143,DAVID RISKY PURBA,01:02:44,NOTARIS,210,Male,512,00:07:52,,00:36:07,00:54:51,,https://result.pickmyrace.id/myresults.aspx?uid=20572-66-2-121158
1092,05-0310,APRILLIANI ZAHRA PUTRI,01:02:44,UMUM,177,Female,580,00:01:22,00:15:28,00:44:21,01:01:22,,https://result.pickmyrace.id/myresults.aspx?uid=20572-66-2-122255
1093,N05-0666,YUVIE YULIANTY,01:02:44,NOTARIS,354,Female,581,00:01:23,00:16:26,00:44:39,01:01:21,,https://result.pickmyrace.id/myresults.aspx?uid=20572-66-2-121681
1094,N05-0670,DENY ADAM HAKIM,01:02:45,NOTARIS,211,Male,513,00:01:23,00:16:26,00:44:40,01:01:21,,https://result.pickmyrace.id/myresults.aspx?uid=20572-66-2-121685
1095,05-0132,PUTRI WULAN DARI,01:02:45,UMUM,178,Female,582,00:00:29,00:18:07,00:45:49,01:02:16,,https://result.pickmyrace.id/myresults.aspx?uid=20572-66-2-122077
1096,N05-0168,LAILA ALI,01:02:45,NOTARIS,355,Female,583,00:03:10,00:14:00,00:40:54,00:59:35,,https://result.pickmyrace.id/myresults.aspx?uid=20572-66-2-121183
1097,05-0065,ALE DANI BASKORO,01:02:46,UMUM,266,Male,514,00:00:00,,00:44:05,01:02:46,,https://result.pickmyrace.id/myresults.aspx?uid=20572-66-2-122010
1098,05-0130,PATIHA MICHELLEN,01:02:46,UMUM,179,Female,584,00:00:28,00:18:14,00:46:07,01:02:18,,https://result.pickmyrace.id/myresults.aspx?uid=20572-66-2-122075
1099,M05-032,NANIEK RATNANINGRUM,01:02:53,MASTER UMUM,21,Female,585,00:00:22,,00:42:33,01:02:31,,https://result.pickmyrace.id/myresults.aspx?uid=20572-66-2-121909
1100,N05-0650,LAVENIA RAJADI,01:02:54,NOTARIS,356,Female,586,00:05:13,00:14:16,00:40:07,00:57:40,,https://result.pickmyrace.id/myresults.aspx?uid=20572-66-2-121665
1101,05-0240,IMAS CANTIKASARI SUGANDA,01:02:55,UMUM,180,Female,587,00:05:02,00:15:28,00:41:46,00:57:53,,https://result.pickmyrace.id/myresults.aspx?uid=20572-66-2-122185
1102,05-0200,RISKA HASMIANA,01:03:01,UMUM,181,Female,588,00:00:47,00:17:31,00:45:56,01:02:14,,https://result.pickmyrace.id/myresults.aspx?uid=20572-66-2-122145
1103,05-0421,SILVI BERLIAN PEBRIANI,01:03:01,UMUM,182,Female,589,00:00:03,00:18:19,00:48:52,01:02:57,,https://result.pickmyrace.id/myresults.aspx?uid=20572-66-2-122366
1104,05-0183,ANDI SURONO,01:03:03,UMUM,267,Male,515,00:00:00,00:18:19,00:46:50,01:03:03,,https://result.pickmyrace.id/myresults.aspx?uid=20572-66-2-122128
1105,05-0547,YUDHA FAHMI ARYUNADI,01:03:04,UMUM,268,Male,516,00:01:06,00:16:59,00:46:07,01:01:58,,https://result.pickmyrace.id/myresults.aspx?uid=20572-66-2-122492
1106,NM05-048,"DIDA REGYA, SH, MKN",01:03:04,MASTER NOTARIS,31,Female,590,00:00:00,00:21:33,00:49:02,01:03:04,,https://result.pickmyrace.id/myresults.aspx?uid=20572-66-2-121835
1107,N05-0588,"VINA RAUDHATHUL ARFAN,S.H.,M.KN",01:03:07,NOTARIS,357,Female,591,00:01:08,00:16:16,00:45:36,01:01:59,,https://result.pickmyrace.id/myresults.aspx?uid=20572-66-2-121603
1108,N05-0261,AULIA CITRA PERMATASARI,01:03:07,NOTARIS,358,Female,592,00:00:49,00:20:50,00:46:45,01:02:18,,https://result.pickmyrace.id/myresults.aspx?uid=20572-66-2-121276
1109,N05-0338,"AMARA TASHFIA, S.H., M.KN",01:03:07,NOTARIS,359,Female,593,00:01:07,00:16:17,00:45:34,01:02:00,,https://result.pickmyrace.id/myresults.aspx?uid=20572-66-2-121353
1110,05-0096,IKHWAN FIRJAUN BARLAMAN,01:03:08,UMUM,269,Male,517,00:00:48,00:20:52,00:46:41,01:02:19,,https://result.pickmyrace.id/myresults.aspx?uid=20572-66-2-122041
1111,05-0159,CHELSEA ARIESTA,01:03:08,UMUM,183,Female,594,00:01:07,00:19:07,00:47:32,01:02:00,,https://result.pickmyrace.id/myresults.aspx?uid=20572-66-2-122104
1112,05-0189,DANIA SETIAWAN,01:03:09,UMUM,184,Female,595,00:00:30,00:16:28,00:46:07,01:02:39,,https://result.pickmyrace.id/myresults.aspx?uid=20572-66-2-122134
1113,05-0179,AMARTYA ENNO SANTOSO,01:03:10,UMUM,185,Female,596,00:01:08,00:19:06,00:47:35,01:02:01,,https://result.pickmyrace.id/myresults.aspx?uid=20572-66-2-122124
1114,05-0178,MICHAEL LEONARDI,01:03:10,UMUM,270,Male,518,00:01:12,00:19:24,00:47:35,01:01:58,,https://result.pickmyrace.id/myresults.aspx?uid=20572-66-2-122123
1115,M05-045,LAILY FITRIANI,01:03:12,MASTER UMUM,22,Female,597,00:01:18,00:19:02,00:46:03,01:01:53,,https://result.pickmyrace.id/myresults.aspx?uid=20572-66-2-121922
1116,05-0348,VANIA CESIORIYANI,01:03:14,UMUM,186,Female,598,00:01:07,00:17:07,00:46:04,01:02:06,,https://result.pickmyrace.id/myresults.aspx?uid=20572-66-2-122293
1117,05-0142,DIMYATI,01:03:17,UMUM,271,Male,519,00:00:36,00:18:32,00:48:03,01:02:41,,https://result.pickmyrace.id/myresults.aspx?uid=20572-66-2-122087
1118,05-0166,KENNY HARTADY,01:03:21,UMUM,272,Male,520,00:01:11,00:19:25,00:46:56,01:02:09,,https://result.pickmyrace.id/myresults.aspx?uid=20572-66-2-122111
1119,05-0244,IRA SAPHIRA,01:03:25,UMUM,187,Female,599,00:00:10,00:16:56,00:45:59,01:03:15,,https://result.pickmyrace.id/myresults.aspx?uid=20572-66-2-122189
1120,05-0599,ERNA YULIANI,01:03:29,UMUM,188,Female,600,00:00:17,00:17:48,00:46:50,01:03:12,,https://result.pickmyrace.id/myresults.aspx?uid=20572-66-2-122544
1121,N05-0263,FARISSA DWINANDA PUTRI,01:03:31,NOTARIS,360,Female,601,00:00:43,00:20:18,00:46:16,01:02:47,,https://result.pickmyrace.id/myresults.aspx?uid=20572-66-2-121278
1122,05-0511,IMANUEL GINTING,01:03:32,UMUM,273,Male,521,00:00:09,00:19:27,00:48:57,01:03:22,,https://result.pickmyrace.id/myresults.aspx?uid=20572-66-2-122456
1123,M05-064,NUR AZIZAH,01:03:33,MASTER UMUM,23,Female,602,00:08:17,,,00:55:15,,https://result.pickmyrace.id/myresults.aspx?uid=20572-66-2-121941
1124,N05-0604,DYAH AYU KARTIKASARI,01:03:34,NOTARIS,361,Female,603,00:08:06,00:14:00,00:39:48,00:55:28,,https://result.pickmyrace.id/myresults.aspx?uid=20572-66-2-121619
1125,05-0037,NABHAAN RAYYA AL QODIR,01:03:34,UMUM,274,Male,522,00:09:00,00:16:31,00:40:38,00:54:34,,https://result.pickmyrace.id/myresults.aspx?uid=20572-66-2-121982
1126,05-0423,SUJANTO TONO,01:03:35,UMUM,275,Male,523,00:00:44,00:17:55,00:46:26,01:02:50,,https://result.pickmyrace.id/myresults.aspx?uid=20572-66-2-122368
1127,05-0648,LEVISH,01:03:36,UMUM,189,Female,604,00:00:07,00:15:37,00:46:11,01:03:28,,https://result.pickmyrace.id/myresults.aspx?uid=20572-66-2-122954
1128,33,MUHAMMAD EMIRAL,01:03:39,NOTARIS,212,Male,524,00:11:16,00:16:36,00:40:23,00:52:23,,https://result.pickmyrace.id/myresults.aspx?uid=20572-66-2-122978
1129,M05-046,DIENA INDERASANTI,01:03:44,MASTER UMUM,24,Female,605,00:01:19,00:18:59,00:46:11,01:02:25,,https://result.pickmyrace.id/myresults.aspx?uid=20572-66-2-121923
1130,05-0289,MUHLIS JAMALUDIN,01:03:44,UMUM,276,Male,525,00:07:59,00:15:39,00:40:58,00:55:44,,https://result.pickmyrace.id/myresults.aspx?uid=20572-66-2-122234
1131,N05-0536,ZAKIA AL FARHANI,01:03:47,NOTARIS,362,Female,606,00:00:21,00:15:32,00:44:58,01:03:26,,https://result.pickmyrace.id/myresults.aspx?uid=20572-66-2-121551
1132,05-0422,TANHARJI,01:03:53,UMUM,277,Male,526,00:00:43,00:17:58,00:47:01,01:03:09,,https://result.pickmyrace.id/myresults.aspx?uid=20572-66-2-122367
1133,05-0063,HADIJA HAERANI,01:03:53,UMUM,190,Female,607,00:00:51,00:16:13,00:45:56,01:03:01,,https://result.pickmyrace.id/myresults.aspx?uid=20572-66-2-122008
1134,05-0396,RISMA SABITA,01:03:53,UMUM,191,Female,608,00:00:23,00:16:45,00:46:07,01:03:30,,https://result.pickmyrace.id/myresults.aspx?uid=20572-66-2-122341
1135,N05-0630,BAIQ YUNI INDAH DAMAYANTI,01:03:54,NOTARIS,363,Female,609,00:00:22,00:17:08,00:46:12,01:03:31,,https://result.pickmyrace.id/myresults.aspx?uid=20572-66-2-121645
1136,N05-0335,"FINI ANNISA SUDHURI, S.H, M.KN.",01:03:54,NOTARIS,364,Female,610,00:00:52,00:16:13,00:45:53,01:03:02,,https://result.pickmyrace.id/myresults.aspx?uid=20572-66-2-121350
1137,05-0039,UCU PAMUNGKAS,01:03:56,UMUM,278,Male,527,00:09:00,00:16:32,00:40:33,00:54:56,,https://result.pickmyrace.id/myresults.aspx?uid=20572-66-2-121984
1138,19,CANTIKA,01:03:58,NOTARIS,365,Female,611,00:03:03,00:18:32,00:45:11,01:00:54,,https://result.pickmyrace.id/myresults.aspx?uid=20572-66-2-122970
1139,N05-0595,"AIDA WAHYUNI, S.H.,M.KN",01:04:04,NOTARIS,366,Female,612,00:00:33,00:16:52,00:45:51,01:03:30,,https://result.pickmyrace.id/myresults.aspx?uid=20572-66-2-121610
1140,N05-0296,ANISA RAHMADHANI AZ ZAHRA PUTRI,01:04:08,NOTARIS,367,Female,613,00:01:49,00:16:37,00:45:05,01:02:18,,https://result.pickmyrace.id/myresults.aspx?uid=20572-66-2-121311
1141,N05-0606,DHODY AR WIDJAJAATMADJA,01:04:12,NOTARIS,213,Male,528,00:00:00,00:16:51,00:45:50,01:04:12,,https://result.pickmyrace.id/myresults.aspx?uid=20572-66-2-121621
1142,N05-0781,M IQBAL TAWAKAL,01:04:12,NOTARIS,214,Male,529,00:01:14,00:16:58,00:45:44,01:02:57,,https://result.pickmyrace.id/myresults.aspx?uid=20572-66-2-122916
1143,N05-0565,"KHAIRIYYAH ANNISA SOMEREN BRAND, S.H., M.KN.",01:04:12,NOTARIS,368,Female,614,00:00:06,00:15:59,00:46:25,01:04:06,,https://result.pickmyrace.id/myresults.aspx?uid=20572-66-2-121580
1144,M05-030,SELVI KURNIAWATI,01:04:14,MASTER UMUM,25,Female,615,00:01:21,00:17:05,00:46:10,01:02:53,,https://result.pickmyrace.id/myresults.aspx?uid=20572-66-2-121907
1145,M05-047,BINTARI DAMAYANTI,01:04:18,MASTER UMUM,26,Female,616,00:01:18,00:18:58,00:46:39,01:02:59,,https://result.pickmyrace.id/myresults.aspx?uid=20572-66-2-121924
1146,N05-0464,"KHANSA TAZKIYA, S.H., M.H.",01:04:24,NOTARIS,369,Female,617,00:00:09,00:15:12,00:46:57,01:04:15,,https://result.pickmyrace.id/myresults.aspx?uid=20572-66-2-121479
1147,05-0058,"ARIO WIRASTOMO,ST",01:04:26,UMUM,279,Male,530,00:00:30,00:18:24,00:46:42,01:03:55,,https://result.pickmyrace.id/myresults.aspx?uid=20572-66-2-122003
1148,05-0062,DAMAR LANGIT PRASETYO UTOMO,01:04:26,UMUM,280,Male,531,00:00:34,00:18:23,00:46:46,01:03:52,,https://result.pickmyrace.id/myresults.aspx?uid=20572-66-2-122007
1149,N05-0074,BERLIANA ANUGRAENI,01:04:27,NOTARIS,370,Female,618,00:00:38,00:17:29,00:45:46,01:03:48,,https://result.pickmyrace.id/myresults.aspx?uid=20572-66-2-121089
1150,05-0634,MIFTAHULHUSNA RACHEL,01:04:27,UMUM,192,Female,619,00:03:36,00:16:17,00:44:44,01:00:51,,https://result.pickmyrace.id/myresults.aspx?uid=20572-66-2-122935
1151,05-0103,VILONI APRILIA,01:04:35,UMUM,193,Female,620,00:01:01,00:16:20,00:45:52,01:03:33,,https://result.pickmyrace.id/myresults.aspx?uid=20572-66-2-122048
1152,05-0436,"RAHMA NABILA APRILIANA, S. H",01:04:35,UMUM,194,Female,621,00:00:00,,00:46:58,01:04:35,,https://result.pickmyrace.id/myresults.aspx?uid=20572-66-2-122381
1153,05-0391,YENNI SURBAKTI,01:04:38,UMUM,195,Female,622,00:00:40,00:15:16,00:46:21,01:03:58,,https://result.pickmyrace.id/myresults.aspx?uid=20572-66-2-122336
1154,05-0288,HERLINA BR SEBAYANG,01:04:40,UMUM,196,Female,623,00:01:47,00:18:07,00:46:04,01:02:52,,https://result.pickmyrace.id/myresults.aspx?uid=20572-66-2-122233
1155,05-0554,SEAN FREDRICK MICHAIL HUTAGALUNG,01:04:41,UMUM,281,Male,532,00:01:47,00:18:09,00:46:05,01:02:53,,https://result.pickmyrace.id/myresults.aspx?uid=20572-66-2-122499
1156,N05-0209,KHRISNA ADJIE LAKSANA,01:04:44,NOTARIS,215,Male,533,00:02:31,00:17:14,00:44:51,01:02:12,,https://result.pickmyrace.id/myresults.aspx?uid=20572-66-2-121224
1157,05-0429,SATRIA YUSUF ERLANGGA,01:04:44,UMUM,282,Male,534,00:02:26,00:17:16,00:44:50,01:02:17,,https://result.pickmyrace.id/myresults.aspx?uid=20572-66-2-122374
1158,N05-0503,SHEBA FADHLIKA,01:04:49,NOTARIS,371,Female,624,00:00:23,00:18:47,00:48:28,01:04:26,,https://result.pickmyrace.id/myresults.aspx?uid=20572-66-2-121518
1159,N05-0364,"TIYA POSPITAWATI,S.H.,M.KN.",01:04:56,NOTARIS,372,Female,625,00:01:16,00:17:06,00:46:03,01:03:40,,https://result.pickmyrace.id/myresults.aspx?uid=20572-66-2-121379
1160,NM05-014,"HENDERI, S.H., M.H., M.KN",01:04:59,MASTER NOTARIS,19,Male,535,00:00:34,00:18:22,00:47:28,01:04:25,,https://result.pickmyrace.id/myresults.aspx?uid=20572-66-2-121801
1161,N05-0738,ADITYA REVANO,01:05:07,NOTARIS,216,Male,536,00:00:18,00:16:39,00:46:29,01:04:48,,https://result.pickmyrace.id/myresults.aspx?uid=20572-66-2-121753
1162,05-0570,ARINI WIDYAWATI,01:05:07,UMUM,197,Female,626,00:00:18,00:16:38,00:46:20,01:04:48,,https://result.pickmyrace.id/myresults.aspx?uid=20572-66-2-122515
1163,N05-0336,"AYU DISKA ROMIIZAH, S.H., M.KN.",01:05:10,NOTARIS,373,Female,627,00:00:00,,00:46:56,01:05:10,,https://result.pickmyrace.id/myresults.aspx?uid=20572-66-2-121351
1164,N05-0750,TOMMY SETIAWAN,01:05:12,NOTARIS,217,Male,537,00:05:46,00:16:48,00:43:51,00:59:26,,https://result.pickmyrace.id/myresults.aspx?uid=20572-66-2-121765
1165,05-0133,HARTOKO,01:05:13,UMUM,283,Male,538,00:00:35,00:17:57,00:46:52,01:04:37,,https://result.pickmyrace.id/myresults.aspx?uid=20572-66-2-122078
1166,N05-0210,ILHAM FAJAR SAYUTI,01:05:14,NOTARIS,218,Male,539,00:00:00,00:31:38,00:52:48,01:05:14,,https://result.pickmyrace.id/myresults.aspx?uid=20572-66-2-121225
1167,N05-0428,"DWI HANDAYANI, S.KOM., S.H., M.KN.",01:05:18,NOTARIS,374,Female,628,00:07:47,,00:42:01,00:57:31,,https://result.pickmyrace.id/myresults.aspx?uid=20572-66-2-121443
1168,N05-0744,DHIA FAIRUZ,01:05:25,NOTARIS,375,Female,629,00:00:54,00:19:12,00:47:42,01:04:30,,https://result.pickmyrace.id/myresults.aspx?uid=20572-66-2-121759
1169,05-0574,BIMO ARYO TYASONO,01:05:25,UMUM,284,Male,540,00:00:54,00:19:17,00:47:54,01:04:30,,https://result.pickmyrace.id/myresults.aspx?uid=20572-66-2-122519
1170,NM05-024,LIDIA INTAN KURNIA SARI,01:05:28,MASTER NOTARIS,32,Female,630,00:00:20,00:21:13,00:49:28,01:05:07,,https://result.pickmyrace.id/myresults.aspx?uid=20572-66-2-121811
1171,NM05-071,HERDIMANSYAH CHAIDIRSYAH,01:05:41,MASTER NOTARIS,20,Male,541,00:00:01,00:17:20,00:47:14,01:05:40,,https://result.pickmyrace.id/myresults.aspx?uid=20572-66-2-121858
1172,47,"RISBERT.S.SOELEIMAN, S.H.",01:05:42,NOTARIS,219,Male,542,00:00:00,00:17:21,00:47:16,01:05:42,,https://result.pickmyrace.id/myresults.aspx?uid=20572-66-2-122988
1173,18,MEISYA,01:05:44,NOTARIS,376,Female,631,00:02:39,00:19:02,00:47:02,01:03:04,,https://result.pickmyrace.id/myresults.aspx?uid=20572-66-2-122969
1174,N05-0629,MUHAMMAD DEVINDO YOSRIL,01:05:50,NOTARIS,220,Male,543,00:00:00,,00:55:31,01:05:50,,https://result.pickmyrace.id/myresults.aspx?uid=20572-66-2-121644
1175,M05-066,THIO USMAN,01:05:53,MASTER UMUM,20,Male,544,00:00:39,00:18:05,00:48:21,01:05:14,,https://result.pickmyrace.id/myresults.aspx?uid=20572-66-2-121943
1176,N05-0542,"AYU WINDIRA, S.H.,M.KN",01:05:53,NOTARIS,377,Female,632,00:00:34,00:17:01,00:47:38,01:05:19,,https://result.pickmyrace.id/myresults.aspx?uid=20572-66-2-121557
1177,M05-067,IRMA SOEGIHARTANTY,01:05:53,MASTER UMUM,27,Female,633,00:00:41,00:18:01,00:48:18,01:05:12,,https://result.pickmyrace.id/myresults.aspx?uid=20572-66-2-121944
1178,05-0533,ELVIEN,01:05:57,UMUM,198,Female,634,00:00:20,00:16:35,00:47:31,01:05:37,,https://result.pickmyrace.id/myresults.aspx?uid=20572-66-2-122478
1179,05-0591,MUHAMAD AUZA SYAM,01:06:03,UMUM,285,Male,545,00:05:43,00:16:59,00:42:29,01:00:20,,https://result.pickmyrace.id/myresults.aspx?uid=20572-66-2-122536
1180,N05-0409,"PANCA OKTRINA DWIRANI, S.H., M.KN.",01:06:06,NOTARIS,378,Female,635,00:02:13,00:17:39,00:46:51,01:03:52,,https://result.pickmyrace.id/myresults.aspx?uid=20572-66-2-121424
1181,N05-0203,DONA SUJANTO,01:06:12,NOTARIS,379,Female,636,00:01:23,00:18:05,00:47:36,01:04:48,,https://result.pickmyrace.id/myresults.aspx?uid=20572-66-2-121218
1182,N05-0032,"CASSANDRA STEPHANIE PAULIRA, S.H., M.KN, M.H.",01:06:12,NOTARIS,380,Female,637,00:00:59,00:18:28,00:47:58,01:05:13,,https://result.pickmyrace.id/myresults.aspx?uid=20572-66-2-121047
1183,N05-0473,"CATHERINE PUTRI ANDARESTA, S.H., M.KN.",01:06:18,NOTARIS,381,Female,638,00:01:09,00:16:23,00:47:09,01:05:08,,https://result.pickmyrace.id/myresults.aspx?uid=20572-66-2-121488
1184,N05-0128,GRACE ANGGREINI,01:06:18,NOTARIS,382,Female,639,00:00:36,00:18:36,00:52:03,01:05:42,,https://result.pickmyrace.id/myresults.aspx?uid=20572-66-2-121143
1185,05-0561,ANDRIES LEONARDO,01:06:18,UMUM,286,Male,546,00:00:36,00:18:39,00:52:07,01:05:42,,https://result.pickmyrace.id/myresults.aspx?uid=20572-66-2-122506
1186,N05-0458,ANGELIA YOGIANA,01:06:19,NOTARIS,383,Female,640,00:00:37,00:18:36,00:52:02,01:05:41,,https://result.pickmyrace.id/myresults.aspx?uid=20572-66-2-121473
1187,N05-0442,MUHAMMAD ARSY REVALDY,01:06:19,NOTARIS,221,Male,547,00:00:12,00:16:01,00:43:41,01:06:06,,https://result.pickmyrace.id/myresults.aspx?uid=20572-66-2-121457
1188,N05-0441,HAPSHAH AZZAHRA WELVI PUTRI,01:06:19,NOTARIS,384,Female,641,00:00:12,00:15:59,00:43:40,01:06:07,,https://result.pickmyrace.id/myresults.aspx?uid=20572-66-2-121456
1189,05-0286,ADE BAGUS NUGROHO,01:06:20,UMUM,287,Male,548,00:00:47,00:19:30,,01:05:32,,https://result.pickmyrace.id/myresults.aspx?uid=20572-66-2-122231
1190,N05-0242,"AYU ARISMAWATI, S.H.,M.KN",01:06:30,NOTARIS,385,Female,642,00:00:47,00:18:59,00:48:24,01:05:43,,https://result.pickmyrace.id/myresults.aspx?uid=20572-66-2-121257
1191,N05-0496,"NADIA RILLIFANI, S.H. M.KN.",01:06:34,NOTARIS,386,Female,643,00:00:47,00:18:56,00:48:19,01:05:47,,https://result.pickmyrace.id/myresults.aspx?uid=20572-66-2-121511
1192,05-0462,AISH DHUHA AULIA,01:06:35,UMUM,199,Female,644,00:00:22,00:18:13,00:49:52,01:06:12,,https://result.pickmyrace.id/myresults.aspx?uid=20572-66-2-122407
1193,05-0461,SYIFA NUR AISYAH,01:06:36,UMUM,200,Female,645,00:00:23,00:18:11,00:49:51,01:06:12,,https://result.pickmyrace.id/myresults.aspx?uid=20572-66-2-122406
1194,05-0420,PUTRI PERMATAHATI,01:06:39,UMUM,201,Female,646,00:00:04,00:18:27,00:48:52,01:06:35,,https://result.pickmyrace.id/myresults.aspx?uid=20572-66-2-122365
1195,31,NANI TASMANI,01:06:47,NOTARIS,387,Female,647,00:11:15,00:18:20,00:42:05,00:55:31,,https://result.pickmyrace.id/myresults.aspx?uid=20572-66-2-122976
1196,M05-049,BETI ASTUTI,01:06:48,MASTER UMUM,28,Female,648,00:01:18,00:19:21,00:48:50,01:05:29,,https://result.pickmyrace.id/myresults.aspx?uid=20572-66-2-121926
1197,05-0329,SITI NURISTA,01:06:50,UMUM,202,Female,649,00:00:09,00:16:57,00:47:39,01:06:40,,https://result.pickmyrace.id/myresults.aspx?uid=20572-66-2-122274
1198,05-0366,DYAH SWASTHI WIKANTYASI,01:06:50,UMUM,203,Female,650,00:00:47,00:23:30,00:50:28,01:06:02,,https://result.pickmyrace.id/myresults.aspx?uid=20572-66-2-122311
1199,05-0333,RIDZKY FARAH SALSABILA,01:06:50,UMUM,204,Female,651,00:00:09,00:16:54,00:47:37,01:06:40,,https://result.pickmyrace.id/myresults.aspx?uid=20572-66-2-122278
1200,05-0351,DWI AGUSTINA,01:06:51,UMUM,205,Female,652,00:05:20,00:18:11,00:49:01,01:01:30,,https://result.pickmyrace.id/myresults.aspx?uid=20572-66-2-122296
1201,N05-0165,RIRIN SASWITA,01:06:57,NOTARIS,388,Female,653,00:00:29,00:15:45,00:45:52,01:06:28,,https://result.pickmyrace.id/myresults.aspx?uid=20572-66-2-121180
1202,05-0118,DERI RIANA,01:07:00,UMUM,288,Male,549,00:07:57,00:17:51,00:47:16,00:59:02,,https://result.pickmyrace.id/myresults.aspx?uid=20572-66-2-122063
1203,N05-0170,ROBERT PRASETIA MULIA,01:07:02,NOTARIS,222,Male,550,00:00:00,,00:48:27,01:07:02,,https://result.pickmyrace.id/myresults.aspx?uid=20572-66-2-121185
1204,N05-0189,MARTINS IZHA MAHENDRA,01:07:03,NOTARIS,223,Male,551,00:01:12,00:17:53,00:48:18,01:05:50,,https://result.pickmyrace.id/myresults.aspx?uid=20572-66-2-121204
1205,N05-0187,ALFIAH TANDAN,01:07:03,NOTARIS,389,Female,654,00:01:12,00:17:52,00:48:06,01:05:50,,https://result.pickmyrace.id/myresults.aspx?uid=20572-66-2-121202
1206,M05-068,DENNY CHRISTYANTO,01:07:04,MASTER UMUM,21,Male,552,00:00:00,00:18:36,00:48:39,01:07:04,,https://result.pickmyrace.id/myresults.aspx?uid=20572-66-2-121945
1207,NM05-090,"NATALIA PANDIANGAN, S.H.",01:07:05,MASTER NOTARIS,33,Female,655,00:00:03,00:18:36,00:48:37,01:07:01,,https://result.pickmyrace.id/myresults.aspx?uid=20572-66-2-121877
1208,M05-056,RONNY KUSUMA,01:07:07,MASTER UMUM,22,Male,553,00:00:03,00:18:15,00:48:51,01:07:03,,https://result.pickmyrace.id/myresults.aspx?uid=20572-66-2-121933
1209,05-0394,PRASISKA PRIATINI,01:07:08,UMUM,206,Female,656,00:01:11,00:17:25,00:47:20,01:05:57,,https://result.pickmyrace.id/myresults.aspx?uid=20572-66-2-122339
1210,M05-062,SENTOT SOEBAGIA,01:07:09,MASTER UMUM,23,Male,554,00:00:08,00:18:11,00:48:46,01:07:00,,https://result.pickmyrace.id/myresults.aspx?uid=20572-66-2-121939
1211,05-0350,SENDY REI,01:07:10,UMUM,289,Male,555,00:05:53,00:18:40,00:46:42,01:01:17,,https://result.pickmyrace.id/myresults.aspx?uid=20572-66-2-122295
1212,05-0147,IMAM,01:07:11,UMUM,290,Male,556,00:00:43,00:18:10,00:48:45,01:06:27,,https://result.pickmyrace.id/myresults.aspx?uid=20572-66-2-122092
1213,05-0646,MIKAEL OKTAVIANA,01:07:12,UMUM,291,Male,557,00:00:19,00:18:50,00:49:34,01:06:52,,https://result.pickmyrace.id/myresults.aspx?uid=20572-66-2-122948
1214,M05-075,YENNIE DS MUNTHE,01:07:13,MASTER UMUM,29,Female,657,00:00:16,00:18:54,00:49:39,01:06:56,,https://result.pickmyrace.id/myresults.aspx?uid=20572-66-2-122929
1215,M05-076,TRI UBAYANTI,01:07:13,MASTER UMUM,30,Female,658,00:00:19,00:18:49,00:49:29,01:06:54,,https://result.pickmyrace.id/myresults.aspx?uid=20572-66-2-122930
1216,N05-0512,"DEA AMANTA AZARIA, S.H., M.KN.",01:07:14,NOTARIS,390,Female,659,00:01:34,00:24:07,00:51:03,01:05:40,,https://result.pickmyrace.id/myresults.aspx?uid=20572-66-2-121527
1217,05-0143,ERIN SEPTIYANA,01:07:16,UMUM,207,Female,660,00:00:44,00:18:07,00:48:54,01:06:32,,https://result.pickmyrace.id/myresults.aspx?uid=20572-66-2-122088
1218,05-0146,INDAH LESTARI KUSUMA DEWI,01:07:17,UMUM,208,Female,661,00:00:42,00:18:08,00:48:59,01:06:35,,https://result.pickmyrace.id/myresults.aspx?uid=20572-66-2-122091
1219,N05-0369,MEYKE FERMATA SARI,01:07:19,NOTARIS,391,Female,662,00:01:08,00:20:16,00:49:09,01:06:10,,https://result.pickmyrace.id/myresults.aspx?uid=20572-66-2-121384
1220,N05-0363,"MADELLINE, S.H., M.KN",01:07:19,NOTARIS,392,Female,663,00:00:00,00:21:28,00:50:19,01:07:19,,https://result.pickmyrace.id/myresults.aspx?uid=20572-66-2-121378
1221,N05-0361,YULINDA LIMOWA,01:07:20,NOTARIS,393,Female,664,00:01:11,00:20:16,00:49:08,01:06:09,,https://result.pickmyrace.id/myresults.aspx?uid=20572-66-2-121376
1222,N05-0026,"VICKY, S.H., M.KN",01:07:21,NOTARIS,224,Male,558,00:05:54,00:14:49,00:45:15,01:01:26,,https://result.pickmyrace.id/myresults.aspx?uid=20572-66-2-121041
1223,N05-0140,KUSMIANTI INDAH SARI,01:07:22,NOTARIS,394,Female,665,00:00:32,00:17:50,00:48:31,01:06:50,,https://result.pickmyrace.id/myresults.aspx?uid=20572-66-2-121155
1224,N05-0139,ANDREA RAHMADANI,01:07:22,NOTARIS,395,Female,666,00:00:33,00:20:16,00:50:36,01:06:49,,https://result.pickmyrace.id/myresults.aspx?uid=20572-66-2-121154
1225,N05-0142,MUFIDATUL AHADA,01:07:22,NOTARIS,396,Female,667,00:00:32,00:17:50,00:48:31,01:06:50,,https://result.pickmyrace.id/myresults.aspx?uid=20572-66-2-121157
1226,M05-037,RINI NURYANTI,01:07:23,MASTER UMUM,31,Female,668,00:01:17,00:19:20,00:49:11,01:06:06,,https://result.pickmyrace.id/myresults.aspx?uid=20572-66-2-121914
1227,05-0335,FAIZ SURYA FAWAZ,01:07:26,UMUM,292,Male,559,00:00:14,00:18:13,00:51:00,01:07:11,,https://result.pickmyrace.id/myresults.aspx?uid=20572-66-2-122280
1228,N05-0117,STEPHANIE,01:07:29,NOTARIS,397,Female,669,00:01:28,00:24:11,00:51:05,01:06:00,,https://result.pickmyrace.id/myresults.aspx?uid=20572-66-2-121132
1229,05-0196,DEA DWI APRILIANTHI,01:07:36,UMUM,209,Female,670,00:00:51,00:16:37,00:47:19,01:06:44,,https://result.pickmyrace.id/myresults.aspx?uid=20572-66-2-122141
1230,N05-0377,CHINTIA NANDY YUNIKE,01:07:42,NOTARIS,398,Female,671,00:00:31,00:19:08,00:50:17,01:07:11,,https://result.pickmyrace.id/myresults.aspx?uid=20572-66-2-121392
1231,N05-0774,SULASTRI TRISIANA,01:07:43,NOTARIS,399,Female,672,00:00:31,00:19:08,00:50:16,01:07:11,,https://result.pickmyrace.id/myresults.aspx?uid=20572-66-2-122909
1232,N05-0195,ASTRID EUNIKE,01:07:44,NOTARIS,400,Female,673,00:01:10,00:17:51,00:48:37,01:06:34,,https://result.pickmyrace.id/myresults.aspx?uid=20572-66-2-121210
1233,NM05-025,SANDRA JAE MANGI,01:07:46,MASTER NOTARIS,34,Female,674,00:01:11,00:17:48,00:48:25,01:06:35,,https://result.pickmyrace.id/myresults.aspx?uid=20572-66-2-121812
1234,05-0346,PANDEGA PRIMA YUDHA,01:07:51,UMUM,293,Male,560,00:03:58,00:17:04,00:45:47,01:03:52,,https://result.pickmyrace.id/myresults.aspx?uid=20572-66-2-122291
1235,N05-0608,RACHMAWATI,01:07:51,NOTARIS,401,Female,675,00:03:59,,00:45:55,01:03:52,,https://result.pickmyrace.id/myresults.aspx?uid=20572-66-2-121623
1236,05-0078,TANIA BERLIANA PUTRI,01:07:52,UMUM,210,Female,676,00:00:42,00:17:22,00:49:28,01:07:09,,https://result.pickmyrace.id/myresults.aspx?uid=20572-66-2-122023
1237,N05-0135,FATHIA QANITA ERWIN,01:07:52,NOTARIS,402,Female,677,00:00:42,00:17:24,00:49:32,01:07:10,,https://result.pickmyrace.id/myresults.aspx?uid=20572-66-2-121150
1238,N05-0086,VIRGINIA SEKAR RIZKY,01:07:56,NOTARIS,403,Female,678,00:00:00,00:22:49,00:51:28,01:07:56,,https://result.pickmyrace.id/myresults.aspx?uid=20572-66-2-121101
1239,05-0294,ALDILA AYUDIA,01:08:05,UMUM,211,Female,679,00:00:00,00:21:24,00:51:40,01:08:05,,https://result.pickmyrace.id/myresults.aspx?uid=20572-66-2-122239
1240,N05-0575,NELLY ZARNIDA,01:08:08,NOTARIS,404,Female,680,00:01:41,00:18:13,00:48:38,01:06:26,,https://result.pickmyrace.id/myresults.aspx?uid=20572-66-2-121590
1241,05-0293,MIMMA RIZKYANOV,01:08:19,UMUM,212,Female,681,00:00:00,00:23:03,00:51:46,01:08:19,,https://result.pickmyrace.id/myresults.aspx?uid=20572-66-2-122238
1242,NM05-058,"SUSIANA MASITHAH, S.H., M.KN.",01:08:21,MASTER NOTARIS,35,Female,682,00:02:43,00:22:56,,01:05:38,,https://result.pickmyrace.id/myresults.aspx?uid=20572-66-2-121845
1243,NM05-061,LIA SHINTA DEWI,01:08:22,MASTER NOTARIS,36,Female,683,00:02:42,00:22:57,,01:05:39,,https://result.pickmyrace.id/myresults.aspx?uid=20572-66-2-121848
1244,N05-0240,"MUTIARA KHANSAHANANDITA WIDIAWAN, S.H., M.KN",01:08:23,NOTARIS,405,Female,684,00:00:25,00:18:48,00:50:31,01:07:57,,https://result.pickmyrace.id/myresults.aspx?uid=20572-66-2-121255
1245,N05-0477,ARYENI,01:08:26,NOTARIS,406,Female,685,00:00:02,00:17:34,00:51:07,01:08:24,,https://result.pickmyrace.id/myresults.aspx?uid=20572-66-2-121492
1246,N05-0507,RICHARD MANUEL NAPITUPULU,01:08:27,NOTARIS,225,Male,561,00:07:44,00:14:36,00:45:41,01:00:43,,https://result.pickmyrace.id/myresults.aspx?uid=20572-66-2-121522
1247,N05-0661,MICHAEL HANSYAH,01:08:28,NOTARIS,226,Male,562,00:07:47,00:14:27,00:45:33,01:00:41,,https://result.pickmyrace.id/myresults.aspx?uid=20572-66-2-121676
1248,05-0371,SUYANTO PRADANA,01:08:36,UMUM,294,Male,563,00:01:30,00:19:21,00:50:22,01:07:06,,https://result.pickmyrace.id/myresults.aspx?uid=20572-66-2-122316
1249,N05-0124,"JACELYN FEBIANTO, S.H., S.AK., M.KN",01:08:46,NOTARIS,407,Female,686,00:00:56,00:19:42,00:49:11,01:07:49,,https://result.pickmyrace.id/myresults.aspx?uid=20572-66-2-121139
1250,N05-0123,"FELICIA AGATHA, S.H., M.KN.",01:08:46,NOTARIS,408,Female,687,00:00:54,00:19:41,00:49:13,01:07:51,,https://result.pickmyrace.id/myresults.aspx?uid=20572-66-2-121138
1251,N05-0362,MIRIAM HIJRIYANI,01:08:46,NOTARIS,409,Female,688,00:01:10,00:18:41,00:50:14,01:07:36,,https://result.pickmyrace.id/myresults.aspx?uid=20572-66-2-121377
1252,N05-0122,"LAUREN CHIA ANGELINA, S.H., M.KN.",01:08:47,NOTARIS,410,Female,689,00:00:56,00:19:41,00:49:21,01:07:51,,https://result.pickmyrace.id/myresults.aspx?uid=20572-66-2-121137
1253,N05-0355,NIENA ASMARA SARI,01:08:49,NOTARIS,411,Female,690,00:00:53,00:18:49,00:50:35,01:07:55,,https://result.pickmyrace.id/myresults.aspx?uid=20572-66-2-121370
1254,N05-0678,YOSHSI,01:08:52,NOTARIS,412,Female,691,00:00:57,00:20:53,00:51:42,01:07:55,,https://result.pickmyrace.id/myresults.aspx?uid=20572-66-2-121693
1255,N05-0677,CHAIRUN NASRA,01:08:52,NOTARIS,413,Female,692,00:00:58,00:20:51,00:51:49,01:07:54,,https://result.pickmyrace.id/myresults.aspx?uid=20572-66-2-121692
1256,N05-0727,HERLINA LATIEF,01:08:54,NOTARIS,414,Female,693,00:00:58,00:20:53,00:51:46,01:07:55,,https://result.pickmyrace.id/myresults.aspx?uid=20572-66-2-121742
1257,N05-0527,"YOSSIE YULIA SAFRINA, S.H., M.KN",01:08:54,NOTARIS,415,Female,694,00:01:41,00:18:14,00:48:42,01:07:13,,https://result.pickmyrace.id/myresults.aspx?uid=20572-66-2-121542
1258,N05-0461,"ALEXANDRA RADEN RORO FRIEDA LESTARI DEWI, SH.,M.KN",01:09:13,NOTARIS,416,Female,695,00:00:42,00:18:10,00:49:30,01:08:31,,https://result.pickmyrace.id/myresults.aspx?uid=20572-66-2-121476
1259,05-0223,ARIYADITO WICAKSONO,01:09:13,UMUM,295,Male,564,00:06:06,00:16:30,00:43:52,01:03:07,,https://result.pickmyrace.id/myresults.aspx?uid=20572-66-2-122168
1260,05-0224,VALENTINO ARIYA BIMA PUTRA WICAKSONO,01:09:15,UMUM,296,Male,565,00:06:08,00:16:11,00:43:56,01:03:07,,https://result.pickmyrace.id/myresults.aspx?uid=20572-66-2-122169
1261,NM05-075,KIKI KARTIKASARI,01:09:25,MASTER NOTARIS,37,Female,696,00:00:08,00:18:24,00:50:13,01:09:16,,https://result.pickmyrace.id/myresults.aspx?uid=20572-66-2-121862
1262,NM05-073,MEITINAH,01:09:25,MASTER NOTARIS,38,Female,697,00:00:08,00:18:20,00:50:12,01:09:16,,https://result.pickmyrace.id/myresults.aspx?uid=20572-66-2-121860
1263,NM05-074,NEILLY IRALITA ISWARI,01:09:25,MASTER NOTARIS,39,Female,698,00:00:08,00:18:23,00:50:16,01:09:17,,https://result.pickmyrace.id/myresults.aspx?uid=20572-66-2-121861
1264,05-0529,RIZKY PRIBADI,01:09:28,UMUM,213,Female,699,00:01:20,00:19:24,00:51:00,01:08:08,,https://result.pickmyrace.id/myresults.aspx?uid=20572-66-2-122474
1265,M05-073,DIDIK ADYOTOMO,01:09:28,MASTER UMUM,24,Male,566,00:00:00,00:20:44,00:52:22,01:09:28,,https://result.pickmyrace.id/myresults.aspx?uid=20572-66-2-122927
1266,N05-0110,RIA YUNIAWATI SAPUTRI,01:09:39,NOTARIS,417,Female,700,00:02:11,00:18:03,00:49:32,01:07:28,,https://result.pickmyrace.id/myresults.aspx?uid=20572-66-2-121125
1267,NM05-038,"RACHMAT GUSTIANA, SE., SH., M.KN",01:09:51,MASTER NOTARIS,21,Male,567,00:02:11,00:19:35,00:50:07,01:07:39,,https://result.pickmyrace.id/myresults.aspx?uid=20572-66-2-121825
1268,05-0465,LIA SUSANTI,01:09:52,UMUM,214,Female,701,00:00:22,00:18:12,00:51:02,01:09:29,,https://result.pickmyrace.id/myresults.aspx?uid=20572-66-2-122410
1269,05-0467,SHANTY NOVITA,01:09:54,UMUM,215,Female,702,00:00:21,00:18:12,00:51:02,01:09:32,,https://result.pickmyrace.id/myresults.aspx?uid=20572-66-2-122412
1270,N05-0207,"RENASYA NADDIFYA SIREGAR, S.H., M.KN",01:09:55,NOTARIS,418,Female,703,00:00:19,00:18:42,00:53:15,01:09:36,,https://result.pickmyrace.id/myresults.aspx?uid=20572-66-2-121222
1271,N05-0767,AYU PUSPITA SARI,01:09:58,NOTARIS,419,Female,704,00:01:18,00:18:50,00:50:14,01:08:40,,https://result.pickmyrace.id/myresults.aspx?uid=20572-66-2-121782
1272,N05-0478,"ALFREDO, S.H., M.KN.",01:10:03,NOTARIS,227,Male,568,00:03:39,00:17:32,00:49:10,01:06:23,,https://result.pickmyrace.id/myresults.aspx?uid=20572-66-2-121493
1273,05-0252,SUGIARTI,01:10:08,UMUM,216,Female,705,00:03:49,00:17:31,00:48:11,01:06:18,,https://result.pickmyrace.id/myresults.aspx?uid=20572-66-2-122197
1274,05-0251,TUTI HERMININGSIH,01:10:08,UMUM,217,Female,706,00:03:56,00:17:21,00:48:00,01:06:11,,https://result.pickmyrace.id/myresults.aspx?uid=20572-66-2-122196
1275,N05-0082,"AULIA ULFAH, S.H.,M.KN.",01:10:18,NOTARIS,420,Female,707,00:00:00,00:20:13,00:51:23,01:10:18,,https://result.pickmyrace.id/myresults.aspx?uid=20572-66-2-121097
1276,05-0028,ADITHYA NUGRAHA,01:10:19,UMUM,297,Male,569,00:00:00,00:20:13,00:51:33,01:10:19,,https://result.pickmyrace.id/myresults.aspx?uid=20572-66-2-121973
1277,N05-0754,NUR HDIAYAH,01:10:32,NOTARIS,421,Female,708,00:01:07,00:19:10,00:50:53,01:09:24,,https://result.pickmyrace.id/myresults.aspx?uid=20572-66-2-121769
1278,05-0382,RUDY,01:10:32,UMUM,298,Male,570,00:01:30,00:19:16,00:50:22,01:09:01,,https://result.pickmyrace.id/myresults.aspx?uid=20572-66-2-122327
1279,05-0109,FAHRUL ROZI,01:10:39,UMUM,299,Male,571,00:07:57,00:17:50,00:47:11,01:02:41,,https://result.pickmyrace.id/myresults.aspx?uid=20572-66-2-122054
1280,05-0115,EGI GUNTARA SYAHRIAL,01:10:39,UMUM,300,Male,572,00:05:28,00:20:02,00:49:52,01:05:10,,https://result.pickmyrace.id/myresults.aspx?uid=20572-66-2-122060
1281,N05-0199,MARIA ELFRIDA TIURMA IDAWATI MANURUNG,01:10:43,NOTARIS,422,Female,709,00:00:00,00:24:14,00:54:22,01:10:43,,https://result.pickmyrace.id/myresults.aspx?uid=20572-66-2-121214
1282,05-0108,KHAERUL BAHRI,01:10:43,UMUM,218,Female,710,00:08:00,,00:47:16,01:02:43,,https://result.pickmyrace.id/myresults.aspx?uid=20572-66-2-122053
1283,05-0110,AHMAD SOPIAN,01:10:44,UMUM,301,Male,573,00:07:59,,00:47:13,01:02:44,,https://result.pickmyrace.id/myresults.aspx?uid=20572-66-2-122055
1284,N05-0751,BAGUS D. UTOMO,01:10:47,NOTARIS,228,Male,574,00:05:43,00:18:47,00:48:03,01:05:03,,https://result.pickmyrace.id/myresults.aspx?uid=20572-66-2-121766
1285,N05-0639,SINDI LUCHIA SALDI,01:10:55,NOTARIS,423,Female,711,00:00:41,00:18:08,00:50:55,01:10:14,,https://result.pickmyrace.id/myresults.aspx?uid=20572-66-2-121654
1286,05-0449,IZWAR RAHMAN ADAM,01:11:08,UMUM,302,Male,575,00:01:26,00:18:31,00:51:34,01:09:41,,https://result.pickmyrace.id/myresults.aspx?uid=20572-66-2-122394
1287,05-0450,ROIDA A,01:11:09,UMUM,219,Female,712,00:01:27,00:17:11,00:47:59,01:09:42,,https://result.pickmyrace.id/myresults.aspx?uid=20572-66-2-122395
1288,N05-0137,TERESIA AMELIA CLARESTA,01:11:14,NOTARIS,424,Female,713,00:05:07,00:16:27,00:47:49,01:06:06,,https://result.pickmyrace.id/myresults.aspx?uid=20572-66-2-121152
1289,N05-0033,"REYNER DARELL SIDHARTA, S.H., M.KN.",01:11:14,NOTARIS,229,Male,576,00:05:49,,00:45:24,01:05:24,,https://result.pickmyrace.id/myresults.aspx?uid=20572-66-2-121048
1290,N05-0134,JENNIFER,01:11:14,NOTARIS,425,Female,714,00:05:01,00:16:37,00:48:00,01:06:12,,https://result.pickmyrace.id/myresults.aspx?uid=20572-66-2-121149
1291,N05-0230,WIWIN SUMARTINI,01:11:16,NOTARIS,426,Female,715,00:00:36,00:19:07,00:50:17,01:10:40,,https://result.pickmyrace.id/myresults.aspx?uid=20572-66-2-121245
1292,N05-0301,TASYA NABILLA,01:11:16,NOTARIS,427,Female,716,00:00:36,00:19:03,00:50:18,01:10:40,,https://result.pickmyrace.id/myresults.aspx?uid=20572-66-2-121316
1293,N05-0691,"NOVITA MARASTI, S.H., M.KN.",01:11:16,NOTARIS,428,Female,717,00:00:08,00:18:41,00:51:05,01:11:07,,https://result.pickmyrace.id/myresults.aspx?uid=20572-66-2-121706
1294,N05-0690,"FAHIRA MUHAMAD, S.H., M.KN",01:11:18,NOTARIS,429,Female,718,00:00:09,00:18:39,00:51:00,01:11:09,,https://result.pickmyrace.id/myresults.aspx?uid=20572-66-2-121705
1295,N05-0713,CHRYSTOFER,01:11:28,NOTARIS,230,Male,577,00:07:43,00:18:13,00:48:11,01:03:44,,https://result.pickmyrace.id/myresults.aspx?uid=20572-66-2-121728
1296,05-0582,NAVIZA AZZAHRA,01:11:36,UMUM,220,Female,719,00:01:03,00:19:17,00:51:49,01:10:32,,https://result.pickmyrace.id/myresults.aspx?uid=20572-66-2-122527
1297,05-0581,SASKIA HILMANIA BALVAS,01:11:36,UMUM,221,Female,720,00:00:00,00:20:20,00:52:57,01:11:36,,https://result.pickmyrace.id/myresults.aspx?uid=20572-66-2-122526
1298,N05-0172,"MICHELLE GLORIA MOHEDE, S.H., M.KN",01:11:51,NOTARIS,430,Female,721,00:00:39,00:18:07,00:52:18,01:11:11,,https://result.pickmyrace.id/myresults.aspx?uid=20572-66-2-121187
1299,N05-0173,"NIKEN EKA MARTHASARI MUNANDAR, S.H.,M.KN",01:11:51,NOTARIS,431,Female,722,00:00:41,00:18:06,00:52:08,01:11:10,,https://result.pickmyrace.id/myresults.aspx?uid=20572-66-2-121188
1300,N05-0174,"ANNISA ERTANANDA, SH., M.KN",01:11:51,NOTARIS,432,Female,723,00:00:41,00:18:00,00:52:00,01:11:09,,https://result.pickmyrace.id/myresults.aspx?uid=20572-66-2-121189
1301,N05-0498,RINI SETYOWATI,01:11:55,NOTARIS,433,Female,724,00:00:12,00:21:05,00:54:22,01:11:43,,https://result.pickmyrace.id/myresults.aspx?uid=20572-66-2-121513
1302,N05-0684,"VIKY,S.H.,M.KN",01:11:56,NOTARIS,434,Female,725,00:04:36,00:18:09,00:50:21,01:07:19,,https://result.pickmyrace.id/myresults.aspx?uid=20572-66-2-121699
1303,05-0499,MICELLE,01:11:57,UMUM,222,Female,726,00:04:35,00:18:11,00:50:24,01:07:21,,https://result.pickmyrace.id/myresults.aspx?uid=20572-66-2-122444
1304,N05-0558,ANANDA OKTA PUTRA,01:11:58,NOTARIS,231,Male,578,00:10:08,00:16:09,00:43:33,01:01:49,,https://result.pickmyrace.id/myresults.aspx?uid=20572-66-2-121573
1305,05-0362,SUSI DWI JAYANTI,01:12:02,UMUM,223,Female,727,00:08:08,00:16:05,00:46:46,01:03:54,,https://result.pickmyrace.id/myresults.aspx?uid=20572-66-2-122307
1306,05-0361,KHANZA ANINDITA,01:12:03,UMUM,224,Female,728,00:08:08,00:16:05,00:46:42,01:03:54,,https://result.pickmyrace.id/myresults.aspx?uid=20572-66-2-122306
1307,05-0135,REZA FAHLEVI,01:12:09,UMUM,303,Male,579,00:00:00,00:24:52,00:56:58,01:12:09,,https://result.pickmyrace.id/myresults.aspx?uid=20572-66-2-122080
1308,05-0176,GIOVANI LISMIHARTO JUNIOR,01:12:10,UMUM,304,Male,580,00:00:00,00:25:00,00:56:56,01:12:10,,https://result.pickmyrace.id/myresults.aspx?uid=20572-66-2-122121
1309,05-0560,MUH ZAMRONI,01:12:24,UMUM,305,Male,581,00:01:20,00:20:04,00:54:00,01:11:03,,https://result.pickmyrace.id/myresults.aspx?uid=20572-66-2-122505
1310,N05-0726,MEIRA FITRI WIJAYANTI,01:12:24,NOTARIS,435,Female,729,00:01:19,00:20:03,00:54:04,01:11:04,,https://result.pickmyrace.id/myresults.aspx?uid=20572-66-2-121741
1311,N05-0352,"LENNY DIANA, S.H., M.KN.",01:12:45,NOTARIS,436,Female,730,00:01:56,00:19:57,00:51:54,01:10:49,,https://result.pickmyrace.id/myresults.aspx?uid=20572-66-2-121367
1312,NM05-033,HANNA JUITA,01:12:46,MASTER NOTARIS,40,Female,731,00:01:01,00:20:52,00:52:50,01:11:44,,https://result.pickmyrace.id/myresults.aspx?uid=20572-66-2-121820
1313,N05-0342,"NADHEA TUNGGA DEVI, S.H., M.KN.",01:12:46,NOTARIS,437,Female,732,00:01:05,00:20:48,00:52:42,01:11:41,,https://result.pickmyrace.id/myresults.aspx?uid=20572-66-2-121357
1314,N05-0067,"NUR SHADRINA RAMADHANI SOLEHA, S.H., M.KN",01:12:50,NOTARIS,438,Female,733,00:00:00,00:24:08,00:54:51,01:12:50,,https://result.pickmyrace.id/myresults.aspx?uid=20572-66-2-121082
1315,05-0129,INTAN NURAENI,01:12:58,UMUM,225,Female,734,00:00:27,00:19:15,00:52:44,01:12:30,,https://result.pickmyrace.id/myresults.aspx?uid=20572-66-2-122074
1316,05-0168,ALDIMAS FEBRINUR RAMADHAN,01:13:07,UMUM,306,Male,582,00:15:40,00:15:41,00:41:21,00:57:27,,https://result.pickmyrace.id/myresults.aspx?uid=20572-66-2-122113
1317,05-0412,YOSIA AUGUSTA,01:13:33,UMUM,307,Male,583,00:00:25,00:18:39,00:53:24,01:13:08,,https://result.pickmyrace.id/myresults.aspx?uid=20572-66-2-122357
1318,N05-0291,NALANI ZADA,01:13:33,NOTARIS,439,Female,735,00:00:00,00:45:51,,01:13:33,,https://result.pickmyrace.id/myresults.aspx?uid=20572-66-2-121306
1319,N05-0308,VERA SAPRILA,01:13:33,NOTARIS,440,Female,736,00:00:00,00:45:55,,01:13:33,,https://result.pickmyrace.id/myresults.aspx?uid=20572-66-2-121323
1320,N05-0036,PRISYA NADIA,01:13:34,NOTARIS,441,Female,737,00:00:26,00:18:36,00:53:13,01:13:08,,https://result.pickmyrace.id/myresults.aspx?uid=20572-66-2-121051
1321,N05-0356,"ERTI CITRA SAKTI ANTI,S.H.,M.KN.",01:13:41,NOTARIS,442,Female,738,00:08:13,00:17:49,00:48:09,01:05:27,,https://result.pickmyrace.id/myresults.aspx?uid=20572-66-2-121371
1322,N05-0467,"LEVY NOVANDA PUTRA, S.H., M.KN.",01:13:43,NOTARIS,232,Male,584,00:08:13,00:18:39,00:48:12,01:05:29,,https://result.pickmyrace.id/myresults.aspx?uid=20572-66-2-121482
1323,05-0416,LINA HASTUTI,01:13:44,UMUM,226,Female,739,00:00:06,00:21:01,00:55:09,01:13:38,,https://result.pickmyrace.id/myresults.aspx?uid=20572-66-2-122361
1324,N05-0259,"SHELLA ANDYANA PUTRI, S.H., M.KN",01:13:51,NOTARIS,443,Female,740,00:00:45,00:19:04,00:52:38,01:13:05,,https://result.pickmyrace.id/myresults.aspx?uid=20572-66-2-121274
1325,N05-0150,YULIA DWI,01:13:51,NOTARIS,444,Female,741,00:00:46,00:19:02,00:52:47,01:13:04,,https://result.pickmyrace.id/myresults.aspx?uid=20572-66-2-121165
1326,28,NADHIFAH SARAH ADLIYA,01:13:51,NOTARIS,445,Female,742,00:00:00,00:22:37,00:55:20,01:13:51,,https://result.pickmyrace.id/myresults.aspx?uid=20572-66-2-122973
1327,N05-0162,"WENY WERDIANA, S.H., M.KN",01:13:53,NOTARIS,446,Female,743,00:00:45,00:19:02,00:52:32,01:13:08,,https://result.pickmyrace.id/myresults.aspx?uid=20572-66-2-121177
1328,41,LUKY RAIHANDIKA,01:13:54,NOTARIS,233,Male,585,00:00:00,00:22:50,00:55:34,01:13:54,,https://result.pickmyrace.id/myresults.aspx?uid=20572-66-2-122986
1329,N05-0462,GANIA PUTRI,01:14:02,NOTARIS,447,Female,744,00:00:00,00:20:38,00:53:55,01:14:02,,https://result.pickmyrace.id/myresults.aspx?uid=20572-66-2-121477
1330,05-0306,SIVA HIDAYATI,01:14:03,UMUM,227,Female,745,00:00:28,00:20:35,00:54:19,01:13:35,,https://result.pickmyrace.id/myresults.aspx?uid=20572-66-2-122251
1331,05-0545,HANY NABILA PUTRI,01:14:14,UMUM,228,Female,746,00:00:00,00:26:37,00:56:41,01:14:14,,https://result.pickmyrace.id/myresults.aspx?uid=20572-66-2-122490
1332,05-0509,FASHA ZERLITA BERLIANI,01:14:14,UMUM,229,Female,747,00:00:00,00:27:31,00:56:29,01:14:14,,https://result.pickmyrace.id/myresults.aspx?uid=20572-66-2-122454
1333,05-0505,SYIFA AINUN WALIDAINI,01:14:15,UMUM,230,Female,748,00:00:00,,00:54:53,01:14:15,,https://result.pickmyrace.id/myresults.aspx?uid=20572-66-2-122450
1334,05-0544,ANGGITA DWI PRATIWI,01:14:16,UMUM,231,Female,749,00:00:00,00:27:33,00:59:05,01:14:16,,https://result.pickmyrace.id/myresults.aspx?uid=20572-66-2-122489
1335,N05-0198,"RIRIN IRENE, S.H,, M.KN.",01:14:16,NOTARIS,448,Female,750,00:09:00,00:18:25,00:47:28,01:05:15,,https://result.pickmyrace.id/myresults.aspx?uid=20572-66-2-121213
1336,N05-0724,"LUTFI BURHAN, S.H.",01:14:22,NOTARIS,234,Male,586,00:09:00,00:18:29,00:47:40,01:05:22,,https://result.pickmyrace.id/myresults.aspx?uid=20572-66-2-121739
1337,05-0312,RINI ENGGELA,01:14:24,UMUM,232,Female,751,00:00:28,00:20:52,00:54:18,01:13:56,,https://result.pickmyrace.id/myresults.aspx?uid=20572-66-2-122257
1338,05-0308,ALIFYA SEPTIWINANDYA,01:14:27,UMUM,233,Female,752,00:00:29,00:20:53,00:54:21,01:13:57,,https://result.pickmyrace.id/myresults.aspx?uid=20572-66-2-122253
1339,05-0588,VARAH AISYAH OCTARIANI,01:14:28,UMUM,234,Female,753,00:02:31,00:19:58,00:52:46,01:11:56,,https://result.pickmyrace.id/myresults.aspx?uid=20572-66-2-122533
1340,05-0583,DINI A MUNGGARAN,01:14:28,UMUM,235,Female,754,00:02:31,00:20:00,00:52:45,01:11:56,,https://result.pickmyrace.id/myresults.aspx?uid=20572-66-2-122528
1341,05-0114,RATU AULIA RAHMAH,01:15:06,UMUM,236,Female,755,00:01:03,00:18:26,00:54:40,01:14:03,,https://result.pickmyrace.id/myresults.aspx?uid=20572-66-2-122059
1342,N05-0553,"NABILA ADYA TRISNAMURTI.S.H.,M.KN.",01:15:08,NOTARIS,449,Female,756,00:01:03,00:24:29,00:56:12,01:14:05,,https://result.pickmyrace.id/myresults.aspx?uid=20572-66-2-121568
1343,N05-0153,FARA JANE,01:15:08,NOTARIS,450,Female,757,00:01:01,00:24:29,00:56:23,01:14:06,,https://result.pickmyrace.id/myresults.aspx?uid=20572-66-2-121168
1344,05-0594,RAFII ISMAIL DZAKI,01:15:18,UMUM,308,Male,587,00:07:45,00:17:44,00:49:00,01:07:32,,https://result.pickmyrace.id/myresults.aspx?uid=20572-66-2-122539
1345,NM05-026,RUDDY AGUSE HERTANTO,01:15:20,MASTER NOTARIS,22,Male,588,00:01:06,00:21:20,00:56:20,01:14:13,,https://result.pickmyrace.id/myresults.aspx?uid=20572-66-2-121813
1346,32,LAREINA MARVARITZA A,01:15:40,NOTARIS,451,Female,758,00:11:17,00:17:12,00:46:48,01:04:23,,https://result.pickmyrace.id/myresults.aspx?uid=20572-66-2-122977
1347,8,HENRY SULAIMAN,01:15:42,NOTARIS,235,Male,589,00:11:17,00:18:26,00:46:51,01:04:24,,https://result.pickmyrace.id/myresults.aspx?uid=20572-66-2-122962
1348,39,WIDI SANDI WIDAGDO,01:15:42,NOTARIS,236,Male,590,00:10:31,00:19:14,00:47:43,01:05:11,,https://result.pickmyrace.id/myresults.aspx?uid=20572-66-2-122984
1349,05-0443,AHMAD PAKIHADINA RAHMATULLOH,01:15:45,UMUM,309,Male,591,00:00:21,00:21:28,00:55:42,01:15:23,,https://result.pickmyrace.id/myresults.aspx?uid=20572-66-2-122388
1350,N05-0226,"INTAN FITRI KHOIRUNNISA FARIDA, S.H., M.KN.",01:15:45,NOTARIS,452,Female,759,00:00:22,00:21:28,00:55:52,01:15:22,,https://result.pickmyrace.id/myresults.aspx?uid=20572-66-2-121241
1351,NM05-069,ZULKIFLI HARAHAP,01:16:03,MASTER NOTARIS,23,Male,592,00:01:25,00:21:02,00:55:54,01:14:38,,https://result.pickmyrace.id/myresults.aspx?uid=20572-66-2-121856
1352,NM05-035,KIKI HERTANTO,01:16:04,MASTER NOTARIS,24,Male,593,00:01:06,00:21:20,00:56:14,01:14:58,,https://result.pickmyrace.id/myresults.aspx?uid=20572-66-2-121822
1353,05-0271,TAMARA ALFIRA NISA,01:16:05,UMUM,237,Female,760,00:00:00,00:22:11,00:57:18,01:16:05,,https://result.pickmyrace.id/myresults.aspx?uid=20572-66-2-122216
1354,M05-039,ATY TRISNAWATI,01:16:06,MASTER UMUM,32,Female,761,00:01:19,00:20:44,00:54:55,01:14:47,,https://result.pickmyrace.id/myresults.aspx?uid=20572-66-2-121916
1355,M05-038,YANAH TRISNAWATI,01:16:07,MASTER UMUM,33,Female,762,00:01:17,00:20:46,00:54:57,01:14:49,,https://result.pickmyrace.id/myresults.aspx?uid=20572-66-2-121915
1356,05-0407,TEGUH WIBOWO,01:16:14,UMUM,310,Male,594,00:09:53,,00:49:22,01:06:21,,https://result.pickmyrace.id/myresults.aspx?uid=20572-66-2-122352
1357,05-0105,LILI ZAHROTUL ULYA,01:16:26,UMUM,238,Female,763,00:05:26,00:23:44,00:56:44,01:11:00,,https://result.pickmyrace.id/myresults.aspx?uid=20572-66-2-122050
1358,05-0250,YELI ANDRIANI,01:16:26,UMUM,239,Female,764,00:05:27,00:23:50,00:56:54,01:10:59,,https://result.pickmyrace.id/myresults.aspx?uid=20572-66-2-122195
1359,05-0262,"NELLA ARMAN SAIBI, DRG",01:16:27,UMUM,240,Female,765,00:08:54,00:20:16,00:53:14,01:07:32,,https://result.pickmyrace.id/myresults.aspx?uid=20572-66-2-122207
1360,05-0261,ALAN YAZID ALI,01:16:39,UMUM,311,Male,595,00:08:54,00:20:14,00:49:38,01:07:44,,https://result.pickmyrace.id/myresults.aspx?uid=20572-66-2-122206
1361,05-0249,AGUS YUNIARTO,01:16:40,UMUM,312,Male,596,00:05:26,00:23:43,00:53:05,01:11:13,,https://result.pickmyrace.id/myresults.aspx?uid=20572-66-2-122194
1362,05-0177,RURY WARDANA WIDJAJA,01:16:40,UMUM,313,Male,597,00:10:03,00:19:07,00:48:25,01:06:36,,https://result.pickmyrace.id/myresults.aspx?uid=20572-66-2-122122
1363,05-0242,UPY,01:16:40,UMUM,241,Female,766,00:10:07,00:19:01,00:48:21,01:06:33,,https://result.pickmyrace.id/myresults.aspx?uid=20572-66-2-122187
1364,05-0332,FAUZA FAHIMA SHAUMISARI,01:16:49,UMUM,242,Female,767,00:00:15,00:22:57,01:01:23,01:16:34,,https://result.pickmyrace.id/myresults.aspx?uid=20572-66-2-122277
1365,N05-0603,ANINDYA ALFADINANTI,01:16:50,NOTARIS,453,Female,768,00:00:16,00:22:56,01:01:23,01:16:34,,https://result.pickmyrace.id/myresults.aspx?uid=20572-66-2-121618
1366,N05-0552,VIOLA AUDY,01:16:59,NOTARIS,454,Female,769,00:00:00,,,01:16:59,,https://result.pickmyrace.id/myresults.aspx?uid=20572-66-2-121567
1367,N05-0722,AYASHA SALSABIL SOSIAWAN,01:17:00,NOTARIS,455,Female,770,00:08:20,00:18:52,00:49:16,01:08:40,,https://result.pickmyrace.id/myresults.aspx?uid=20572-66-2-121737
1368,05-0555,RAIHAN ARBAIN,01:17:01,UMUM,314,Male,598,00:08:21,00:18:52,00:49:16,01:08:39,,https://result.pickmyrace.id/myresults.aspx?uid=20572-66-2-122500
1369,N05-0656,"YOZEVINA SAMPERURA, S.H., M.KN",01:17:16,NOTARIS,456,Female,771,00:00:47,00:20:11,00:54:13,01:16:29,,https://result.pickmyrace.id/myresults.aspx?uid=20572-66-2-121671
1370,N05-0635,DENTI DWI AYU AGUSTI,01:17:19,NOTARIS,457,Female,772,00:00:44,00:20:06,00:54:06,01:16:34,,https://result.pickmyrace.id/myresults.aspx?uid=20572-66-2-121650
1371,N05-0679,FATH INAYAH MAHA,01:17:23,NOTARIS,458,Female,773,00:07:52,00:18:07,00:51:49,01:09:31,,https://result.pickmyrace.id/myresults.aspx?uid=20572-66-2-121694
1372,N05-0680,AMALIA BUDIWATI,01:17:27,NOTARIS,459,Female,774,00:07:52,00:19:45,00:54:12,01:09:34,,https://result.pickmyrace.id/myresults.aspx?uid=20572-66-2-121695
1373,05-0585,BENEDICTUS DEIMAS ABYASA,01:17:53,UMUM,315,Male,599,00:00:29,00:21:32,00:57:00,01:17:24,,https://result.pickmyrace.id/myresults.aspx?uid=20572-66-2-122530
1374,05-0188,ANANDA NABILA DWI YANTI,01:17:54,UMUM,243,Female,775,00:00:29,00:21:17,00:56:57,01:17:25,,https://result.pickmyrace.id/myresults.aspx?uid=20572-66-2-122133
1375,05-0191,NUR SABILAH HASIM,01:17:55,UMUM,244,Female,776,00:00:27,00:21:15,00:57:00,01:17:27,,https://result.pickmyrace.id/myresults.aspx?uid=20572-66-2-122136
1376,N05-0107,ELIDA MARBUN,01:17:59,NOTARIS,460,Female,777,00:00:00,00:25:02,00:57:09,01:17:59,,https://result.pickmyrace.id/myresults.aspx?uid=20572-66-2-121122
1377,N05-0389,VANNY LOUSE OKTAVIA SIMANJUNTAK,01:17:59,NOTARIS,461,Female,778,00:07:48,00:17:20,00:51:48,01:10:11,,https://result.pickmyrace.id/myresults.aspx?uid=20572-66-2-121404
1378,05-0165,AUDI FATTAH,01:18:00,UMUM,316,Male,600,00:07:48,00:17:24,00:51:49,01:10:11,,https://result.pickmyrace.id/myresults.aspx?uid=20572-66-2-122110
1379,N05-0108,"YETTY, S.H., M.HUM",01:18:13,NOTARIS,462,Female,779,00:00:00,00:29:34,00:59:04,01:18:13,,https://result.pickmyrace.id/myresults.aspx?uid=20572-66-2-121123
1380,N05-0105,"METY SALIM, S. KOM., S.H., M.KN",01:18:14,NOTARIS,463,Female,780,00:00:00,00:29:33,00:59:04,01:18:14,,https://result.pickmyrace.id/myresults.aspx?uid=20572-66-2-121120
1381,N05-0062,"TATA PRADITA PUSPITASARI, S.H., M.KN",01:18:19,NOTARIS,464,Female,781,00:00:38,,00:56:21,01:17:40,,https://result.pickmyrace.id/myresults.aspx?uid=20572-66-2-121077
1382,N05-0479,FEBRIANA PUTRI AULIA,01:18:20,NOTARIS,465,Female,782,00:00:38,00:19:50,00:56:21,01:17:42,,https://result.pickmyrace.id/myresults.aspx?uid=20572-66-2-121494
1383,05-0270,GIGIS AL WANI,01:18:27,UMUM,245,Female,783,00:01:52,00:20:12,00:55:40,01:16:35,,https://result.pickmyrace.id/myresults.aspx?uid=20572-66-2-122215
1384,05-0272,SILMI KAFFAH,01:18:30,UMUM,246,Female,784,00:01:53,00:20:11,00:55:44,01:16:36,,https://result.pickmyrace.id/myresults.aspx?uid=20572-66-2-122217
1385,N05-0432,"DUMA SINTA ULI MUNTHE, S.H., M.KN.",01:18:42,NOTARIS,466,Female,785,00:23:18,00:14:10,00:41:19,00:55:24,,https://result.pickmyrace.id/myresults.aspx?uid=20572-66-2-121447
1386,N05-0549,"H. YOPI TAOFIK, S.HUT., S.H., M.KN.",01:19:00,NOTARIS,237,Male,601,00:00:02,00:22:27,00:57:15,01:18:57,,https://result.pickmyrace.id/myresults.aspx?uid=20572-66-2-121564
1387,N05-0548,"DR. HJ. NIA TRESNAWATI, S.H., SP1.",01:19:05,NOTARIS,467,Female,786,00:00:01,00:22:22,00:57:22,01:19:03,,https://result.pickmyrace.id/myresults.aspx?uid=20572-66-2-121563
1388,N05-0494,"IDA PRANITA,SH.M.KN",01:19:27,NOTARIS,468,Female,787,00:00:14,00:21:03,00:57:05,01:19:13,,https://result.pickmyrace.id/myresults.aspx?uid=20572-66-2-121509
1389,05-0479,NANA OKTAVIANA,01:20:01,UMUM,247,Female,788,00:00:00,,,01:20:01,,https://result.pickmyrace.id/myresults.aspx?uid=20572-66-2-122424
1390,N05-0031,"SYARIFAH SHAMIRA, S.H., M.KN.",01:21:47,NOTARIS,469,Female,789,00:00:00,00:37:16,01:05:53,01:21:47,,https://result.pickmyrace.id/myresults.aspx?uid=20572-66-2-121046
1391,N05-0083,"DHIYA DINAR KUSWULANDARI, S.H., M.KN.",01:21:56,NOTARIS,470,Female,790,00:00:00,00:37:12,01:05:49,01:21:56,,https://result.pickmyrace.id/myresults.aspx?uid=20572-66-2-121098
1392,NM05-045,"GITA PRATIWI S.H., M.KN",01:23:51,MASTER NOTARIS,41,Female,791,00:00:00,,,01:23:51,,https://result.pickmyrace.id/myresults.aspx?uid=20572-66-2-121832
1393,NM05-044,"CHERLY MICHELLY LELOMALI, S.H., M.KN",01:24:00,MASTER NOTARIS,42,Female,792,00:00:00,,,01:24:00,,https://result.pickmyrace.id/myresults.aspx?uid=20572-66-2-121831
1394,05-0106,RACHALL RAMDALU GUNAWAN,01:32:28,UMUM,317,Male,602,00:00:00,,,01:32:28,,https://result.pickmyrace.id/myresults.aspx?uid=20572-66-2-122051
1395,N05-0292,"ANDI DIFA SHAFIRA ZAHRA, S.H.,M.KN",01:32:28,NOTARIS,471,Female,793,00:00:00,,,01:32:28,,https://result.pickmyrace.id/myresults.aspx?uid=20572-66-2-121307
1396,NM05-081,SYAEFUL HUDA,01:40:27,MASTER NOTARIS,25,Male,603,00:12:28,,,01:27:58,,https://result.pickmyrace.id/myresults.aspx?uid=20572-66-2-121868
,10,ROMI YUDIANTO,Not started,NOTARIS,,Male,,,,,,,https://result.pickmyrace.id/myresults.aspx?uid=20572-66-2-122964
,14,AGVIRTA A. SATIVA,Not started,NOTARIS,,Female,,,,,,,https://result.pickmyrace.id/myresults.aspx?uid=20572-66-2-122966
,36,ILHAM BARLIN,Not started,NOTARIS,,Male,,,,,,,https://result.pickmyrace.id/myresults.aspx?uid=20572-66-2-122981
,37,HAPSARI PUTRI,Not started,NOTARIS,,Female,,,,,,,https://result.pickmyrace.id/myresults.aspx?uid=20572-66-2-122982
,38,MUGAMMAD HAFID,Not started,NOTARIS,,Male,,,,,,,https://result.pickmyrace.id/myresults.aspx?uid=20572-66-2-122983
,NM05-002,IRWAN AZWIR,Not started,MASTER NOTARIS,,Male,,,,,,,https://result.pickmyrace.id/myresults.aspx?uid=20572-66-2-121789
,NM05-003,"RIRIN RISMAWANTI, S.H., M.KN.",Not started,MASTER NOTARIS,,Female,,,,,,,https://result.pickmyrace.id/myresults.aspx?uid=20572-66-2-121790
,NM05-004,YOHANA MARSELLA LIM,Not started,MASTER NOTARIS,,Female,,,,,,,https://result.pickmyrace.id/myresults.aspx?uid=20572-66-2-121791
,NM05-011,USMAN INA IRAWAN,Not started,MASTER NOTARIS,,Male,,,,,,,https://result.pickmyrace.id/myresults.aspx?uid=20572-66-2-121798
,NM05-016,"MARSELLA LESMANA, S.E., S.H., M.KN",Not started,MASTER NOTARIS,,Female,,,,,,,https://result.pickmyrace.id/myresults.aspx?uid=20572-66-2-121803
,NM05-022,DEWI SUKARDI,Not started,MASTER NOTARIS,,Female,,,,,,,https://result.pickmyrace.id/myresults.aspx?uid=20572-66-2-121809
,NM05-039,MIRA DEWI MIRIAM,Not started,MASTER NOTARIS,,Female,,,,,,,https://result.pickmyrace.id/myresults.aspx?uid=20572-66-2-121826
,NM05-040,"MUGAERA DJOHAR, S.H., M.KN.",Not started,MASTER NOTARIS,,Male,,,,,,,https://result.pickmyrace.id/myresults.aspx?uid=20572-66-2-121827
,NM05-041,CAECILIA GABY RATNAWATI,Not started,MASTER NOTARIS,,Female,,,,,,,https://result.pickmyrace.id/myresults.aspx?uid=20572-66-2-121828
,NM05-043,"RUNI IKASARI, SH, MKN",Not started,MASTER NOTARIS,,Female,,,,,,,https://result.pickmyrace.id/myresults.aspx?uid=20572-66-2-121830
,NM05-047,WIDODO BUDIDARMO,Not started,MASTER NOTARIS,,Male,,,,,,,https://result.pickmyrace.id/myresults.aspx?uid=20572-66-2-121834
,NM05-049,AGUNG SUWITO,Not started,MASTER NOTARIS,,Male,,,,,,,https://result.pickmyrace.id/myresults.aspx?uid=20572-66-2-121836
,NM05-051,YULIA WIDIASTUTI,Not started,MASTER NOTARIS,,Female,,,,,,,https://result.pickmyrace.id/myresults.aspx?uid=20572-66-2-121838
,NM05-054,"HENY JUNAIDI SH, M.KN.",Not started,MASTER NOTARIS,,Female,,,,,,,https://result.pickmyrace.id/myresults.aspx?uid=20572-66-2-121841
,NM05-064,GAMAL ABDUL NASIR,Not started,MASTER NOTARIS,,Male,,,,,,,https://result.pickmyrace.id/myresults.aspx?uid=20572-66-2-121851
,NM05-076,RIFAH NASUTION,Not started,MASTER NOTARIS,,Female,,,,,,,https://result.pickmyrace.id/myresults.aspx?uid=20572-66-2-121863
,NM05-078,SITI BONDEN HAYATUNNUFUS MM,Not started,MASTER NOTARIS,,Female,,,,,,,https://result.pickmyrace.id/myresults.aspx?uid=20572-66-2-121865
,NM05-084,NOORHAYATI,Not started,MASTER NOTARIS,,Female,,,,,,,https://result.pickmyrace.id/myresults.aspx?uid=20572-66-2-121871
,NM05-085,"ANDI SENGNGENG PULAWENG, S.H., M.KN.",Not started,MASTER NOTARIS,,Female,,,,,,,https://result.pickmyrace.id/myresults.aspx?uid=20572-66-2-121872
,NM05-086,TITIK KRISNA,Not started,MASTER NOTARIS,,Female,,,,,,,https://result.pickmyrace.id/myresults.aspx?uid=20572-66-2-121873
,M05-001,KEVIN HUDIANA,Not started,MASTER UMUM,,Male,,,,,,,https://result.pickmyrace.id/myresults.aspx?uid=20572-66-2-121878
,M05-003,IRMA VENERANDA,Not started,MASTER UMUM,,Female,,,,,,,https://result.pickmyrace.id/myresults.aspx?uid=20572-66-2-121880
,M05-004,DARMAWATI SUDARYAH,Not started,MASTER UMUM,,Female,,,,,,,https://result.pickmyrace.id/myresults.aspx?uid=20572-66-2-121881
,M05-006,NENGSIH SAMADY,Not started,MASTER UMUM,,Female,,,,,,,https://result.pickmyrace.id/myresults.aspx?uid=20572-66-2-121883
,M05-008,KRISTIEN TJAHJANINGTYAS,Not started,MASTER UMUM,,Female,,,,,,,https://result.pickmyrace.id/myresults.aspx?uid=20572-66-2-121885
,M05-012,AVIA DICITENTY,Not started,MASTER UMUM,,Female,,,,,,,https://result.pickmyrace.id/myresults.aspx?uid=20572-66-2-121889
,M05-013,A DIKI ARISANDI,Not started,MASTER UMUM,,Male,,,,,,,https://result.pickmyrace.id/myresults.aspx?uid=20572-66-2-121890
,M05-014,RANI HANDAYANI,Not started,MASTER UMUM,,Female,,,,,,,https://result.pickmyrace.id/myresults.aspx?uid=20572-66-2-121891
,M05-016,DEWI PRASETYANINGSIH,Not started,MASTER UMUM,,Female,,,,,,,https://result.pickmyrace.id/myresults.aspx?uid=20572-66-2-121893
,M05-021,YULI RIANASTASIA,Not started,MASTER UMUM,,Female,,,,,,,https://result.pickmyrace.id/myresults.aspx?uid=20572-66-2-121898
,M05-033,DWI WULANDARI,Not started,MASTER UMUM,,Female,,,,,,,https://result.pickmyrace.id/myresults.aspx?uid=20572-66-2-121910
,M05-035,AMERA DEWI,Not started,MASTER UMUM,,Female,,,,,,,https://result.pickmyrace.id/myresults.aspx?uid=20572-66-2-121912
,M05-041,ROSA FITRIYANI KRISTANTO,Not started,MASTER UMUM,,Female,,,,,,,https://result.pickmyrace.id/myresults.aspx?uid=20572-66-2-121918
,M05-050,HENDRI PANGESTU EFFENDI,Not started,MASTER UMUM,,Male,,,,,,,https://result.pickmyrace.id/myresults.aspx?uid=20572-66-2-121927
,M05-053,HANNIE SITI RAMADHANI,Not started,MASTER UMUM,,Female,,,,,,,https://result.pickmyrace.id/myresults.aspx?uid=20572-66-2-121930
,M05-055,RICKY RIKARDO MULYADI,Not started,MASTER UMUM,,Male,,,,,,,https://result.pickmyrace.id/myresults.aspx?uid=20572-66-2-121932
,M05-061,DESI IKA SARTIKA,Not started,MASTER UMUM,,Female,,,,,,,https://result.pickmyrace.id/myresults.aspx?uid=20572-66-2-121938
,M05-065,RATIH HANDAJANI,Not started,MASTER UMUM,,Female,,,,,,,https://result.pickmyrace.id/myresults.aspx?uid=20572-66-2-121942
,M05-070,MARWAN,Not started,MASTER UMUM,,Male,,,,,,,https://result.pickmyrace.id/myresults.aspx?uid=20572-66-2-122924
,M05-074,LINNA KURNIAWATI,Not started,MASTER UMUM,,Female,,,,,,,https://result.pickmyrace.id/myresults.aspx?uid=20572-66-2-122928
,N05-0034,ADINDA NATASYA,Not started,NOTARIS,,Female,,,,,,,https://result.pickmyrace.id/myresults.aspx?uid=20572-66-2-121049
,N05-0040,NADYA AMANDA PUTRI,Not started,NOTARIS,,Female,,,,,,,https://result.pickmyrace.id/myresults.aspx?uid=20572-66-2-121055
,N05-0054,"SEPTHIAN LUCKY DWI PUTRA GODE, S.H., M.KN.",Not started,NOTARIS,,Male,,,,,,,https://result.pickmyrace.id/myresults.aspx?uid=20572-66-2-121069
,N05-0069,RIZKI WAHYUDI,Not started,NOTARIS,,Male,,,,,,,https://result.pickmyrace.id/myresults.aspx?uid=20572-66-2-121084
,N05-0076,MERILATIKA,Not started,NOTARIS,,Female,,,,,,,https://result.pickmyrace.id/myresults.aspx?uid=20572-66-2-121091
,N05-0087,"ISKANDAR MUDA, S.H., M.KN",Not started,NOTARIS,,Male,,,,,,,https://result.pickmyrace.id/myresults.aspx?uid=20572-66-2-121102
,N05-0089,TANTI NOVIANTI,Not started,NOTARIS,,Female,,,,,,,https://result.pickmyrace.id/myresults.aspx?uid=20572-66-2-121104
,N05-0112,HELDA LERIANA,Not started,NOTARIS,,Female,,,,,,,https://result.pickmyrace.id/myresults.aspx?uid=20572-66-2-121127
,N05-0115,ARIEF WICAKSONO,Not started,NOTARIS,,Male,,,,,,,https://result.pickmyrace.id/myresults.aspx?uid=20572-66-2-121130
,N05-0127,VERA FATIMAH AZZAHRA,Not started,NOTARIS,,Female,,,,,,,https://result.pickmyrace.id/myresults.aspx?uid=20572-66-2-121142
,N05-0130,ANDHIKA PRADANA,Not started,NOTARIS,,Male,,,,,,,https://result.pickmyrace.id/myresults.aspx?uid=20572-66-2-121145
,N05-0132,"YENI WIJAYA, S.H., M.KN",Not started,NOTARIS,,Female,,,,,,,https://result.pickmyrace.id/myresults.aspx?uid=20572-66-2-121147
,N05-0136,PANCA OKTAVIA HADI PUTRA,Not started,NOTARIS,,Male,,,,,,,https://result.pickmyrace.id/myresults.aspx?uid=20572-66-2-121151
,N05-0141,JONATHAN RADITYA,Not started,NOTARIS,,Male,,,,,,,https://result.pickmyrace.id/myresults.aspx?uid=20572-66-2-121156
,N05-0160,"LEONNA TRIYANI NAILUL FAWZIYYAH, S.H., M.KN",Not started,NOTARIS,,Female,,,,,,,https://result.pickmyrace.id/myresults.aspx?uid=20572-66-2-121175
,N05-0176,"INES NURHAJIZAH, S.H., M.KN.",Not started,NOTARIS,,Female,,,,,,,https://result.pickmyrace.id/myresults.aspx?uid=20572-66-2-121191
,N05-0179,RADEN AJENG DYAH AYU PERMATASARI,Not started,NOTARIS,,Female,,,,,,,https://result.pickmyrace.id/myresults.aspx?uid=20572-66-2-121194
,N05-0186,MELVIN LISANDI AGUSTINA SARAGIH,Not started,NOTARIS,,Female,,,,,,,https://result.pickmyrace.id/myresults.aspx?uid=20572-66-2-121201
,N05-0205,DEVI MELIZA,Not started,NOTARIS,,Female,,,,,,,https://result.pickmyrace.id/myresults.aspx?uid=20572-66-2-121220
,N05-0220,THERESIA C. PRAMADYASTARI K.,Not started,NOTARIS,,Female,,,,,,,https://result.pickmyrace.id/myresults.aspx?uid=20572-66-2-121235
,N05-0257,"DEYA NATHASYA RAHMADANY, S.H., M.KN.",Not started,NOTARIS,,Female,,,,,,,https://result.pickmyrace.id/myresults.aspx?uid=20572-66-2-121272
,N05-0264,ALFI TAUFIQ ASYIDQI,Not started,NOTARIS,,Male,,,,,,,https://result.pickmyrace.id/myresults.aspx?uid=20572-66-2-121279
,N05-0268,ALYAZIZA AISYA,Not started,NOTARIS,,Female,,,,,,,https://result.pickmyrace.id/myresults.aspx?uid=20572-66-2-121283
,N05-0271,"HELDA AMELIA S.H., M.KN.",Not started,NOTARIS,,Female,,,,,,,https://result.pickmyrace.id/myresults.aspx?uid=20572-66-2-121286
,N05-0293,"REZA PUTRI, S.H., M.KN",Not started,NOTARIS,,Female,,,,,,,https://result.pickmyrace.id/myresults.aspx?uid=20572-66-2-121308
,N05-0311,"BILMAR NDARU QUTHNEY, S.H., M.KN",Not started,NOTARIS,,Male,,,,,,,https://result.pickmyrace.id/myresults.aspx?uid=20572-66-2-121326
,N05-0317,CHRISTINE THERESIA,Not started,NOTARIS,,Female,,,,,,,https://result.pickmyrace.id/myresults.aspx?uid=20572-66-2-121332
,N05-0327,ETI WAHYUNI,Not started,NOTARIS,,Female,,,,,,,https://result.pickmyrace.id/myresults.aspx?uid=20572-66-2-121342
,N05-0334,DAVID,Not started,NOTARIS,,Male,,,,,,,https://result.pickmyrace.id/myresults.aspx?uid=20572-66-2-121349
,N05-0359,SAFIRA NURUL FATIA,Not started,NOTARIS,,Female,,,,,,,https://result.pickmyrace.id/myresults.aspx?uid=20572-66-2-121374
,N05-0370,MUHAMMAD FURKAN,Not started,NOTARIS,,Male,,,,,,,https://result.pickmyrace.id/myresults.aspx?uid=20572-66-2-121385
,N05-0371,YATINI,Not started,NOTARIS,,Female,,,,,,,https://result.pickmyrace.id/myresults.aspx?uid=20572-66-2-121386
,N05-0372,"FRASCILIA LARASINTA, S.H., M.KN.",Not started,NOTARIS,,Female,,,,,,,https://result.pickmyrace.id/myresults.aspx?uid=20572-66-2-121387
,N05-0375,MUHAMMAD FEBRIANSYAH IBRAHIM,Not started,NOTARIS,,Male,,,,,,,https://result.pickmyrace.id/myresults.aspx?uid=20572-66-2-121390
,N05-0376,"WIDYAWATI, S.H., M.KN",Not started,NOTARIS,,Female,,,,,,,https://result.pickmyrace.id/myresults.aspx?uid=20572-66-2-121391
,N05-0378,AMALIA ZULVA N,Not started,NOTARIS,,Female,,,,,,,https://result.pickmyrace.id/myresults.aspx?uid=20572-66-2-121393
,N05-0379,"SELVI NURAFRIYANTI, S.H.,M.H.,M.KN",Not started,NOTARIS,,Female,,,,,,,https://result.pickmyrace.id/myresults.aspx?uid=20572-66-2-121394
,N05-0384,"NISMAYANTIDW, S.H.,M.KN",Not started,NOTARIS,,Female,,,,,,,https://result.pickmyrace.id/myresults.aspx?uid=20572-66-2-121399
,N05-0386,MELIAWATI,Not started,NOTARIS,,Female,,,,,,,https://result.pickmyrace.id/myresults.aspx?uid=20572-66-2-121401
,N05-0408,RAYSISCA ELVIDE LAM TIURMA,Not started,NOTARIS,,Female,,,,,,,https://result.pickmyrace.id/myresults.aspx?uid=20572-66-2-121423
,N05-0412,"NADYA PUTERI ANDREZA, S.H., M.KN.",Not started,NOTARIS,,Female,,,,,,,https://result.pickmyrace.id/myresults.aspx?uid=20572-66-2-121427
,N05-0418,"RETNO IMA ASTUTI, S.H.,M.KN.",Not started,NOTARIS,,Female,,,,,,,https://result.pickmyrace.id/myresults.aspx?uid=20572-66-2-121433
,N05-0419,IKHNAN ABDUL GHANI,Not started,NOTARIS,,Male,,,,,,,https://result.pickmyrace.id/myresults.aspx?uid=20572-66-2-121434
,N05-0426,SERUNI LISSARI,Not started,NOTARIS,,Female,,,,,,,https://result.pickmyrace.id/myresults.aspx?uid=20572-66-2-121441
,N05-0444,"MUHAMAD FILDZA ROLANDA, S.H., M.KN",Not started,NOTARIS,,Male,,,,,,,https://result.pickmyrace.id/myresults.aspx?uid=20572-66-2-121459
,N05-0472,TEDY HERLAMBANG,Not started,NOTARIS,,Male,,,,,,,https://result.pickmyrace.id/myresults.aspx?uid=20572-66-2-121487
,N05-0476,ADELIA DWI ANGGRAENI,Not started,NOTARIS,,Female,,,,,,,https://result.pickmyrace.id/myresults.aspx?uid=20572-66-2-121491
,N05-0483,RISKA DESTRIYANTI,Not started,NOTARIS,,Female,,,,,,,https://result.pickmyrace.id/myresults.aspx?uid=20572-66-2-121498
,N05-0488,ANDI BINTANG OKTAVINDA,Not started,NOTARIS,,Female,,,,,,,https://result.pickmyrace.id/myresults.aspx?uid=20572-66-2-121503
,N05-0490,NENG ANI SAPUTRI SH MKN,Not started,NOTARIS,,Female,,,,,,,https://result.pickmyrace.id/myresults.aspx?uid=20572-66-2-121505
,N05-0505,JULYANDIKA NURFADILAH MUFTI,Not started,NOTARIS,,Male,,,,,,,https://result.pickmyrace.id/myresults.aspx?uid=20572-66-2-121520
,N05-0506,GALIH CANDRA YULIARDHI,Not started,NOTARIS,,Male,,,,,,,https://result.pickmyrace.id/myresults.aspx?uid=20572-66-2-121521
,N05-0519,NURUL ROSIDA,Not started,NOTARIS,,Female,,,,,,,https://result.pickmyrace.id/myresults.aspx?uid=20572-66-2-121534
,N05-0537,"HJ. IDIL FITRI PERMATASARI, S.H., M.KN.",Not started,NOTARIS,,Female,,,,,,,https://result.pickmyrace.id/myresults.aspx?uid=20572-66-2-121552
,N05-0543,"AFRIANI, S.H.,M.KN",Not started,NOTARIS,,Female,,,,,,,https://result.pickmyrace.id/myresults.aspx?uid=20572-66-2-121558
,N05-0555,NIA ANDALUSIA,Not started,NOTARIS,,Female,,,,,,,https://result.pickmyrace.id/myresults.aspx?uid=20572-66-2-121570
,N05-0559,MAYA SARI DEWI,Not started,NOTARIS,,Female,,,,,,,https://result.pickmyrace.id/myresults.aspx?uid=20572-66-2-121574
,N05-0569,"VENNY INDRIA MARIA, SH",Not started,NOTARIS,,Female,,,,,,,https://result.pickmyrace.id/myresults.aspx?uid=20572-66-2-121584
,N05-0570,"SYAIFUL BAHRI,SH.,M.KN.,MH.",Not started,NOTARIS,,Male,,,,,,,https://result.pickmyrace.id/myresults.aspx?uid=20572-66-2-121585
,N05-0581,CATHERINE AUGUSTINE,Not started,NOTARIS,,Female,,,,,,,https://result.pickmyrace.id/myresults.aspx?uid=20572-66-2-121596
,N05-0583,"MUHAMAD AKIL FARIABI, S.H., M.KN.",Not started,NOTARIS,,Male,,,,,,,https://result.pickmyrace.id/myresults.aspx?uid=20572-66-2-121598
,N05-0610,DWI SAPTA NINGRUM,Not started,NOTARIS,,Female,,,,,,,https://result.pickmyrace.id/myresults.aspx?uid=20572-66-2-121625
,N05-0617,AHMAD MULTAZAM,Not started,NOTARIS,,Male,,,,,,,https://result.pickmyrace.id/myresults.aspx?uid=20572-66-2-121632
,N05-0619,"KORNELIUS WIDIANDHOKO WICAKSONO, SH, MKN.",Not started,NOTARIS,,Male,,,,,,,https://result.pickmyrace.id/myresults.aspx?uid=20572-66-2-121634
,N05-0623,"WITA ANTIKASARI, SE., SH., M.KN.",Not started,NOTARIS,,Female,,,,,,,https://result.pickmyrace.id/myresults.aspx?uid=20572-66-2-121638
,N05-0632,"DODY SUSANTO, S.KOM., S.H., M.KN",Not started,NOTARIS,,Male,,,,,,,https://result.pickmyrace.id/myresults.aspx?uid=20572-66-2-121647
,N05-0648,"RADEN YUDI HERMAWAN, SH, M.KN",Not started,NOTARIS,,Male,,,,,,,https://result.pickmyrace.id/myresults.aspx?uid=20572-66-2-121663
,N05-0660,"PUTRANTO NUR UTOMO, S.H., M.KN.",Not started,NOTARIS,,Male,,,,,,,https://result.pickmyrace.id/myresults.aspx?uid=20572-66-2-121675
,N05-0671,ARISTYA AGUNG SETIAWAN,Not started,NOTARIS,,Male,,,,,,,https://result.pickmyrace.id/myresults.aspx?uid=20572-66-2-121686
,N05-0675,"MUHAMMAD ALATAS, S.H., M.KN.",Not started,NOTARIS,,Male,,,,,,,https://result.pickmyrace.id/myresults.aspx?uid=20572-66-2-121690
,N05-0681,ASRI MARVIANI,Not started,NOTARIS,,Female,,,,,,,https://result.pickmyrace.id/myresults.aspx?uid=20572-66-2-121696
,N05-0682,ASEP ABDUL KARIM,Not started,NOTARIS,,Male,,,,,,,https://result.pickmyrace.id/myresults.aspx?uid=20572-66-2-121697
,N05-0703,JIHAN KHOIRINI,Not started,NOTARIS,,Female,,,,,,,https://result.pickmyrace.id/myresults.aspx?uid=20572-66-2-121718
,N05-0707,MEILYA NORMAWATY SIMANJUNTAK,Not started,NOTARIS,,Female,,,,,,,https://result.pickmyrace.id/myresults.aspx?uid=20572-66-2-121722
,N05-0708,ANDRIETA ISABELLA EDWINA PUTRI,Not started,NOTARIS,,Female,,,,,,,https://result.pickmyrace.id/myresults.aspx?uid=20572-66-2-121723
,N05-0711,ARAFAT,Not started,NOTARIS,,Male,,,,,,,https://result.pickmyrace.id/myresults.aspx?uid=20572-66-2-121726
,N05-0728,ELVIRA MEILARINY,Not started,NOTARIS,,Female,,,,,,,https://result.pickmyrace.id/myresults.aspx?uid=20572-66-2-121743
,N05-0739,IRMAWATI,Not started,NOTARIS,,Female,,,,,,,https://result.pickmyrace.id/myresults.aspx?uid=20572-66-2-121754
,N05-0756,MEYDI,Not started,NOTARIS,,Female,,,,,,,https://result.pickmyrace.id/myresults.aspx?uid=20572-66-2-121771
,N05-0757,"CARLA TANIA ALISANGIHE, B.COM, M.BUSLAW, SH, MKN",Not started,NOTARIS,,Female,,,,,,,https://result.pickmyrace.id/myresults.aspx?uid=20572-66-2-121772
,N05-0758,"MELINDA, S.SOS, SH, MKN",Not started,NOTARIS,,Female,,,,,,,https://result.pickmyrace.id/myresults.aspx?uid=20572-66-2-121773
,N05-0760,RESTY YULANDA,Not started,NOTARIS,,Female,,,,,,,https://result.pickmyrace.id/myresults.aspx?uid=20572-66-2-121775
,N05-0761,FELLICIA RAHMA,Not started,NOTARIS,,Female,,,,,,,https://result.pickmyrace.id/myresults.aspx?uid=20572-66-2-121776
,N05-0768,ANITA MARYANA,Not started,NOTARIS,,Female,,,,,,,https://result.pickmyrace.id/myresults.aspx?uid=20572-66-2-121783
,N05-0772,SITI MUYASSAROH,Not started,NOTARIS,,Female,,,,,,,https://result.pickmyrace.id/myresults.aspx?uid=20572-66-2-121787
,N05-0776,MILA SULISTIANA,Not started,NOTARIS,,Female,,,,,,,https://result.pickmyrace.id/myresults.aspx?uid=20572-66-2-122911
,N05-0790,ARIS PURWANTO,Not started,NOTARIS,,Male,,,,,,,https://result.pickmyrace.id/myresults.aspx?uid=20572-66-2-122920
,M05-0671,MARWAN,Not started,MASTER UMUM,,Male,,,,,,,https://result.pickmyrace.id/myresults.aspx?uid=20572-66-2-122932
,05-0001,NAMA DTIKETIN,Not started,UMUM,,Male,,,,,,,https://result.pickmyrace.id/myresults.aspx?uid=20572-66-2-121946
,05-0014,ADHITYA ALMATHARI RADIFAN DJAMASWAR,Not started,UMUM,,Male,,,,,,,https://result.pickmyrace.id/myresults.aspx?uid=20572-66-2-121959
,05-0017,THEMA SISTONO,Not started,UMUM,,Male,,,,,,,https://result.pickmyrace.id/myresults.aspx?uid=20572-66-2-121962
,05-0023,AGUS WINARNO,Not started,UMUM,,Male,,,,,,,https://result.pickmyrace.id/myresults.aspx?uid=20572-66-2-121968
,05-0035,PURWITO,Not started,UMUM,,Male,,,,,,,https://result.pickmyrace.id/myresults.aspx?uid=20572-66-2-121980
,05-0036,LINA RAHMAWATI,Not started,UMUM,,Male,,,,,,,https://result.pickmyrace.id/myresults.aspx?uid=20572-66-2-121981
,05-0038,MOHAMAD ARYA DEWANTA,Not started,UMUM,,Male,,,,,,,https://result.pickmyrace.id/myresults.aspx?uid=20572-66-2-121983
,05-0045,SUCI WIJAYANTI,Not started,UMUM,,Female,,,,,,,https://result.pickmyrace.id/myresults.aspx?uid=20572-66-2-121990
,05-0046,HENDRIANTO KASDI,Not started,UMUM,,Male,,,,,,,https://result.pickmyrace.id/myresults.aspx?uid=20572-66-2-121991
,05-0049,"SRI HARTATI, SH., M.KN",Not started,UMUM,,Female,,,,,,,https://result.pickmyrace.id/myresults.aspx?uid=20572-66-2-121994
,05-0056,HATTA ISNAINI WAHYU UTOMO,Not started,UMUM,,Male,,,,,,,https://result.pickmyrace.id/myresults.aspx?uid=20572-66-2-122001
,05-0070,YUPI NURLIA DEWI,Not started,UMUM,,Female,,,,,,,https://result.pickmyrace.id/myresults.aspx?uid=20572-66-2-122015
,05-0099,"KUSNADI B HALIJAM, S.PI.",Not started,UMUM,,Male,,,,,,,https://result.pickmyrace.id/myresults.aspx?uid=20572-66-2-122044
,05-0111,MUHAMMAD ARIQ RACHMANANDA,Not started,UMUM,,Male,,,,,,,https://result.pickmyrace.id/myresults.aspx?uid=20572-66-2-122056
,05-0116,ARI MAULANA,Not started,UMUM,,Male,,,,,,,https://result.pickmyrace.id/myresults.aspx?uid=20572-66-2-122061
,05-0127,AGUNG ERKHARYANTO,Not started,UMUM,,Male,,,,,,,https://result.pickmyrace.id/myresults.aspx?uid=20572-66-2-122072
,05-0137,FACHRY BUSTOMI ARIFIN,Not started,UMUM,,Male,,,,,,,https://result.pickmyrace.id/myresults.aspx?uid=20572-66-2-122082
,05-0139,ARMAND TRIE PAMUNGKAS,Not started,UMUM,,Male,,,,,,,https://result.pickmyrace.id/myresults.aspx?uid=20572-66-2-122084
,05-0140,MUNIF ALMER ATTHARI RIDAN,Not started,UMUM,,Male,,,,,,,https://result.pickmyrace.id/myresults.aspx?uid=20572-66-2-122085
,05-0148,"DR. AULIYA KHASANOFA, SH., MH",Not started,UMUM,,Male,,,,,,,https://result.pickmyrace.id/myresults.aspx?uid=20572-66-2-122093
,05-0149,PENDI AHMAD,Not started,UMUM,,Male,,,,,,,https://result.pickmyrace.id/myresults.aspx?uid=20572-66-2-122094
,05-0162,ERLANGGA KURNIAWAN,Not started,UMUM,,Male,,,,,,,https://result.pickmyrace.id/myresults.aspx?uid=20572-66-2-122107
,05-0172,ALGANI AKBAR FEBRIADI SOROS,Not started,UMUM,,Male,,,,,,,https://result.pickmyrace.id/myresults.aspx?uid=20572-66-2-122117
,05-0187,FIRDA INDRIYANI,Not started,UMUM,,Female,,,,,,,https://result.pickmyrace.id/myresults.aspx?uid=20572-66-2-122132
,05-0198,FINA,Not started,UMUM,,Female,,,,,,,https://result.pickmyrace.id/myresults.aspx?uid=20572-66-2-122143
,05-0206,JULI DWI SYABANDI,Not started,UMUM,,Male,,,,,,,https://result.pickmyrace.id/myresults.aspx?uid=20572-66-2-122151
,05-0233,NADHIL RIFQI IZHHAR,Not started,UMUM,,Male,,,,,,,https://result.pickmyrace.id/myresults.aspx?uid=20572-66-2-122178
,05-0237,AIRIN RACHMI DIANY,Not started,UMUM,,Male,,,,,,,https://result.pickmyrace.id/myresults.aspx?uid=20572-66-2-122182
,05-0238,RATU GHEFIRA MARHAMAH WARDANA,Not started,UMUM,,Female,,,,,,,https://result.pickmyrace.id/myresults.aspx?uid=20572-66-2-122183
,05-0239,TUBAGUS GHIFARI AL CHUSAERI WARDANA,Not started,UMUM,,Male,,,,,,,https://result.pickmyrace.id/myresults.aspx?uid=20572-66-2-122184
,05-0245,WIDHA WRESTINA,Not started,UMUM,,Female,,,,,,,https://result.pickmyrace.id/myresults.aspx?uid=20572-66-2-122190
,05-0278,YUSEF NUGRAHA SUHERMAN,Not started,UMUM,,Male,,,,,,,https://result.pickmyrace.id/myresults.aspx?uid=20572-66-2-122223
,05-0287,GILANG AZZA RAHMATULLAH,Not started,UMUM,,Male,,,,,,,https://result.pickmyrace.id/myresults.aspx?uid=20572-66-2-122232
,05-0290,SENDEE THERESIA SURIADININGRAT,Not started,UMUM,,Female,,,,,,,https://result.pickmyrace.id/myresults.aspx?uid=20572-66-2-122235
,05-0298,RANIA HANAN,Not started,UMUM,,Female,,,,,,,https://result.pickmyrace.id/myresults.aspx?uid=20572-66-2-122243
,05-0302,RENDY FREDDY SITOHANG,Not started,UMUM,,Male,,,,,,,https://result.pickmyrace.id/myresults.aspx?uid=20572-66-2-122247
,05-0319,LATIFAH LIFIAH ALAMSYAH,Not started,UMUM,,Female,,,,,,,https://result.pickmyrace.id/myresults.aspx?uid=20572-66-2-122264
,05-0330,SUMARNO,Not started,UMUM,,Male,,,,,,,https://result.pickmyrace.id/myresults.aspx?uid=20572-66-2-122275
,05-0334,ANINDYA ALFADINANTI,Not started,UMUM,,Female,,,,,,,https://result.pickmyrace.id/myresults.aspx?uid=20572-66-2-122279
,05-0338,YULIA,Not started,UMUM,,Female,,,,,,,https://result.pickmyrace.id/myresults.aspx?uid=20572-66-2-122283
,05-0339,HAZEL,Not started,UMUM,,Male,,,,,,,https://result.pickmyrace.id/myresults.aspx?uid=20572-66-2-122284
,05-0340,DEANDRA,Not started,UMUM,,Male,,,,,,,https://result.pickmyrace.id/myresults.aspx?uid=20572-66-2-122285
,05-0357,SUPARDI,Not started,UMUM,,Male,,,,,,,https://result.pickmyrace.id/myresults.aspx?uid=20572-66-2-122302
,05-0367,"YUNI KUSMIATI, MH",Not started,UMUM,,Female,,,,,,,https://result.pickmyrace.id/myresults.aspx?uid=20572-66-2-122312
,05-0383,ANNASYA AMIRA DEWI,Not started,UMUM,,Female,,,,,,,https://result.pickmyrace.id/myresults.aspx?uid=20572-66-2-122328
,05-0399,AKMAL BUDI DARMAWAN,Not started,UMUM,,Male,,,,,,,https://result.pickmyrace.id/myresults.aspx?uid=20572-66-2-122344
,05-0401,M. RAMIRO D.M,Not started,UMUM,,Male,,,,,,,https://result.pickmyrace.id/myresults.aspx?uid=20572-66-2-122346
,05-0402,SALMA,Not started,UMUM,,Female,,,,,,,https://result.pickmyrace.id/myresults.aspx?uid=20572-66-2-122347
,05-0403,PASHA RAZAKA F.M,Not started,UMUM,,Male,,,,,,,https://result.pickmyrace.id/myresults.aspx?uid=20572-66-2-122348
,05-0432,VERONICA SINAGA,Not started,UMUM,,Female,,,,,,,https://result.pickmyrace.id/myresults.aspx?uid=20572-66-2-122377
,05-0433,RATIH HANDAJANI,Not started,UMUM,,Female,,,,,,,https://result.pickmyrace.id/myresults.aspx?uid=20572-66-2-122378
,05-0452,RENI ANGGRAENI,Not started,UMUM,,Female,,,,,,,https://result.pickmyrace.id/myresults.aspx?uid=20572-66-2-122397
,05-0453,RAISYA PUTRI SUPRIHANTO,Not started,UMUM,,Female,,,,,,,https://result.pickmyrace.id/myresults.aspx?uid=20572-66-2-122398
,05-0454,ALDINO BAGUS PRASETYO,Not started,UMUM,,Male,,,,,,,https://result.pickmyrace.id/myresults.aspx?uid=20572-66-2-122399
,05-0469,NENENG WULANDANI,Not started,UMUM,,Female,,,,,,,https://result.pickmyrace.id/myresults.aspx?uid=20572-66-2-122414
,05-0485,BEKTI SETYO NUGROHO,Not started,UMUM,,Male,,,,,,,https://result.pickmyrace.id/myresults.aspx?uid=20572-66-2-122430
,05-0486,AA ADE OKTAVIANDI,Not started,UMUM,,Male,,,,,,,https://result.pickmyrace.id/myresults.aspx?uid=20572-66-2-122431
,05-0490,PUJONO,Not started,UMUM,,Male,,,,,,,https://result.pickmyrace.id/myresults.aspx?uid=20572-66-2-122435
,05-0502,MARWAN,Not started,UMUM,,Male,,,,,,,https://result.pickmyrace.id/myresults.aspx?uid=20572-66-2-122447
,05-0507,MUHAMMAD MAULANA IHSAN,Not started,UMUM,,Male,,,,,,,https://result.pickmyrace.id/myresults.aspx?uid=20572-66-2-122452
,05-0558,SYARIFAH ZALICHA,Not started,UMUM,,Female,,,,,,,https://result.pickmyrace.id/myresults.aspx?uid=20572-66-2-122503
,05-0573,RACHMADITA SHEILA,Not started,UMUM,,Female,,,,,,,https://result.pickmyrace.id/myresults.aspx?uid=20572-66-2-122518
,05-0590,DEVY KURNIA,Not started,UMUM,,Female,,,,,,,https://result.pickmyrace.id/myresults.aspx?uid=20572-66-2-122535
,05-0592,HIKMAT NUGRAHA,Not started,UMUM,,Male,,,,,,,https://result.pickmyrace.id/myresults.aspx?uid=20572-66-2-122537
,05-0602,BRONSON NAINGGOLAN,Not started,UMUM,,Male,,,,,,,https://result.pickmyrace.id/myresults.aspx?uid=20572-66-2-122547
,05-0604,SANTIKA PREMIERE ICE BSD,Not started,UMUM,,Male,,,,,,,https://result.pickmyrace.id/myresults.aspx?uid=20572-66-2-122549
,05-0605,SANTIKA PREMIERE ICE BSD,Not started,UMUM,,Male,,,,,,,https://result.pickmyrace.id/myresults.aspx?uid=20572-66-2-122550
,05-0609,SUGITO,Not started,UMUM,,Male,,,,,,,https://result.pickmyrace.id/myresults.aspx?uid=20572-66-2-122554
,05-0610,DULYONO,Not started,UMUM,,Male,,,,,,,https://result.pickmyrace.id/myresults.aspx?uid=20572-66-2-122555
,05-0635,RAJA ZAVIER NABIL S,Not started,UMUM,,Male,,,,,,,https://result.pickmyrace.id/myresults.aspx?uid=20572-66-2-122936
,NM05-009,DQTIMBUL TUMBUR SILITONGA,00:41:21,MASTER NOTARIS,,Male,,00:00:59,00:20:51,,00:40:22,,https://result.pickmyrace.id/myresults.aspx?uid=20572-66-2-121796
,NM05-018,"DQRINA FITRIANI NASUTION, S.E., S.H., M.KN.",00:32:32,MASTER NOTARIS,,Female,,00:00:08,00:15:33,,00:32:23,,https://result.pickmyrace.id/myresults.aspx?uid=20572-66-2-121805
,NM05-031,"DQYULITA ROESTAM, S.H.",00:36:36,MASTER NOTARIS,,Female,,00:00:16,00:17:57,,00:36:20,,https://result.pickmyrace.id/myresults.aspx?uid=20572-66-2-121818
,NM05-066,"DQMARTIANIS, S.H.",00:34:03,MASTER NOTARIS,,Female,,00:00:01,,,00:34:02,,https://result.pickmyrace.id/myresults.aspx?uid=20572-66-2-121853
,M05-043,DQDAHLIA,00:31:47,MASTER UMUM,,Female,,00:08:11,,,00:23:35,,https://result.pickmyrace.id/myresults.aspx?uid=20572-66-2-121920
,N05-0003,DQDESTI YANTHI,00:29:01,NOTARIS,,Female,,,,,00:29:01,,https://result.pickmyrace.id/myresults.aspx?uid=20572-66-2-121018
,N05-0005,DQAMELYA RASMAN,00:28:50,NOTARIS,,Female,,,,,00:28:50,,https://result.pickmyrace.id/myresults.aspx?uid=20572-66-2-121020
,N05-0171,DQMICHAEL ALDO RAMADHANI,00:28:36,NOTARIS,,Male,,00:00:05,,,00:28:31,,https://result.pickmyrace.id/myresults.aspx?uid=20572-66-2-121186
,N05-0223,DQINDAH MUSTIKA SARI,00:26:52,NOTARIS,,Female,,00:08:02,,,00:18:49,,https://result.pickmyrace.id/myresults.aspx?uid=20572-66-2-121238
,N05-0328,DQWURIKA RETNO SAFITRI,00:15:14,NOTARIS,,Female,,00:15:14,,00:29:54,00:00:00,,https://result.pickmyrace.id/myresults.aspx?uid=20572-66-2-121343
,N05-0424,"DQAHMAD KHUDORI, S.H.I., M.KN",00:32:09,NOTARIS,,Male,,00:09:38,,,00:22:30,,https://result.pickmyrace.id/myresults.aspx?uid=20572-66-2-121439
,N05-0448,DQAKBAR KURNIAWAN,00:35:37,NOTARIS,,Male,,00:08:27,,,00:27:10,,https://result.pickmyrace.id/myresults.aspx?uid=20572-66-2-121463
,N05-0495,DQANDRIA,00:29:03,NOTARIS,,Female,,00:01:59,,,00:27:03,,https://result.pickmyrace.id/myresults.aspx?uid=20572-66-2-121510
,N05-0640,DQNAOMI MARGARETHA HASIANNA,00:26:02,NOTARIS,,Female,,,,,00:26:02,,https://result.pickmyrace.id/myresults.aspx?uid=20572-66-2-121655
,N05-0829,DQWAWAN SYAHRANI,00:33:30,NOTARIS,,Male,,00:08:11,,,00:25:19,,https://result.pickmyrace.id/myresults.aspx?uid=20572-66-2-122921
,05-0080,DQFARHAN SYATHIR,00:57:20,UMUM,,Male,,,,00:45:12,00:57:20,,https://result.pickmyrace.id/myresults.aspx?uid=20572-66-2-122025
,05-0220,DQWANDA WIDYANINGSIH,00:33:30,UMUM,,Female,,,,,00:33:30,,https://result.pickmyrace.id/myresults.aspx?uid=20572-66-2-122165
,05-0221,DQAFIFAH JUNEETA SYAHARANI,00:33:30,UMUM,,Female,,00:08:12,,,00:25:18,,https://result.pickmyrace.id/myresults.aspx?uid=20572-66-2-122166
,05-0377,DQAFRIANTI ZAKIAH PARINDURI,00:35:49,UMUM,,Female,,00:08:08,,,00:27:40,,https://result.pickmyrace.id/myresults.aspx?uid=20572-66-2-122322
,40,DNFTHEPANUS M MANALU,,NOTARIS,,Male,,00:10:52,,,,,https://result.pickmyrace.id/myresults.aspx?uid=20572-66-2-122985
,N05-0049,"DNFAINUL FADILAH PUJI ISLAMI S.H., M.KN",,NOTARIS,,Female,,,00:21:57,,,,https://result.pickmyrace.id/myresults.aspx?uid=20572-66-2-121064
,N05-0131,DNFMIA MELISA,,NOTARIS,,Female,,00:09:51,,,,,https://result.pickmyrace.id/myresults.aspx?uid=20572-66-2-121146
,N05-0290,"DNFHERAWATI, S.H., M.KN.",,NOTARIS,,Female,,,,00:46:34,,,https://result.pickmyrace.id/myresults.aspx?uid=20572-66-2-121305
,05-0071,DNFPUTRI TARI SEPTIANI,,UMUM,,Female,,00:00:43,00:19:42,,,,https://result.pickmyrace.id/myresults.aspx?uid=20572-66-2-122016
,05-0107,DNFMUJIONO,,UMUM,,Female,,00:07:57,,,,,https://result.pickmyrace.id/myresults.aspx?uid=20572-66-2-122052
,05-0230,DNFALWIN WIDYANTO HARTANTO,,UMUM,,Male,,00:03:11,,00:32:41,,,https://result.pickmyrace.id/myresults.aspx?uid=20572-66-2-122175
,05-0232,DNFMUHAMMAD IQBAL,,UMUM,,Male,,00:00:13,,,,,https://result.pickmyrace.id/myresults.aspx?uid=20572-66-2-122177
,05-0480,DNFKHAERUNNISA,,UMUM,,Female,,,00:19:02,,,,https://result.pickmyrace.id/myresults.aspx?uid=20572-66-2-122425
,05-0495,DNFANDREWSTYAMA,,UMUM,,Male,,00:00:02,,00:13:43,,,https://result.pickmyrace.id/myresults.aspx?uid=20572-66-2-122440
